,sum_insured,policy_number,first_name,last_name,excess,premium,ipt_percent,commission_broker_percent,commission_SERL_percent,product_name,start_date,sale_date,term_length_months,end_date,cancel_date,state
0,60163.0,D8MNRRU0,Sarah,Brown,590,967,0.0,7,2,Life Insurance,2020-04-13,2018-01-01,13,,,Bound
1,93548.0,0XPGXTFD,Sarah,Davis,260,386,0.0,10,5,Life Insurance,2025-05-04,2018-02-01,21,,2024-03-22,Expired
2,11199.0,923I4RKK,David,Garcia,1004,636,12.0,13,2,Motor Insurance,2021-09-05,2018-02-01,40,,2024-10-17,Bound
3,70394.0,4QUKUEE1,David,Brown,599,905,12.0,5,6,Motor Insurance,2020-07-04,2018-02-01,40,,2024-01-11,Bound
4,102667.0,GOHS0F37,John,Miller,916,934,12.0,9,3,Home Insurance,2022-02-20,2018-02-01,20,,,Expired
5,74690.0,I5VSZ8J2,Amanda,Jones,280,166,12.0,13,6,Home Insurance,2023-07-19,2018-03-01,31,,,Bound
6,10891.0,A6LC1KQK,Jessica,Brown,562,169,0.0,8,2,Life Insurance,2025-01-25,2018-03-01,19,,,Expired
7,30770.0,5NNO83IV,Emily,Hernandez,581,439,,7,2,Life Insurance,2020-10-30,2018-03-01,9,,,Expired
8,94135.0,3LOIKODY,John,Martinez,702,864,12.0,14,3,Pet Insurance,2024-02-09,2018-03-01,10,,,Bound
9,100709.0,6GQFDER2,John,Brown,768,748,12.0,5,6,Motor Insurance,2022-08-04,2018-03-01,10,,,Expired
10,88822.0,5PYHGCDW,Jessica,Martinez,954,824,12.0,7,2,Motor Insurance,2023-08-06,2018-03-01,24,,,Expired
11,15885.0,04IGZUF4,David,Hernandez,777,652,,7,6,Home Insurance,2021-01-31,2018-03-01,30,,,Bound
12,20220.0,K08TFGMB,Christopher,Jones,562,347,0.0,12,3,Life Insurance,2023-01-09,2018-03-01,32,,2024-01-24,Referred
13,66948.0,F8DLO64O,Jessica,Garcia,387,183,0.0,12,4,Life Insurance,2024-11-15,2018-03-01,26,,,Quoted
14,68628.0,RCE574P0,Michael,Jones,300,385,12.0,10,4,Motor Insurance,2025-06-19,2018-03-31,9,,2024-05-09,Declined
15,104310.0,7C5UOMJE,Emily,Smith,997,1062,12.0,14,6,Motor Insurance,2020-12-08,2018-03-31,24,,,Referred
16,102277.0,RFQHTWFU,John,Davis,707,500,12.0,8,3,Motor Insurance,2021-08-27,2018-03-31,28,,,Bound
17,21289.0,C3IGX5HX,John,Garcia,837,223,,14,2,Home Insurance,2022-03-18,2018-03-31,15,,,Quoted
18,52770.0,WZ5XO5NA,Emily,Garcia,499,269,12.0,13,2,Pet Insurance,2022-12-02,2018-03-31,39,,,Expired
19,87993.0,17JVYM68,Matthew,Hernandez,130,736,0.0,12,2,Life Insurance,2020-10-06,2018-03-31,31,,,Expired
20,34764.0,XL7FG7T1,Jane,Davis,835,521,12.0,5,6,Pet Insurance,2024-01-16,2018-03-31,36,,,Referred
21,103309.0,6RODWMQ4,Michael,Garcia,892,166,12.0,8,6,Pet Insurance,2020-12-26,2018-03-31,41,,,Declined
22,66496.0,ZAH1979D,Sarah,Brown,667,766,0.0,8,6,Life Insurance,2024-04-09,2018-03-31,11,,,Referred
23,60086.0,FOWLKJK1,Emily,Jones,667,1013,12.0,9,6,Home Insurance,2022-01-04,2018-03-31,21,,,Bound
24,46557.0,NLQK5XIR,Michael,Martinez,890,776,0.0,10,5,Life Insurance,2024-08-24,2018-03-31,17,,,Expired
25,73499.0,B5N0SILE,Michael,Davis,901,556,12.0,11,2,Motor Insurance,2020-10-10,2018-03-31,30,,,Quoted
26,107464.0,KRIY4FOI,Amanda,Rodriguez,800,233,12.0,8,5,Pet Insurance,2024-08-06,2018-03-31,9,,,Bound
27,100757.0,7MX2HFNY,John,Davis,683,841,12.0,13,4,Home Insurance,2023-04-09,2018-03-31,34,,,Declined
28,84398.0,D3OFOHAI,Jane,Garcia,157,200,12.0,8,4,Home Insurance,2024-12-27,2018-03-31,10,,,Bound
29,38885.0,T568R2MK,Michael,Martinez,1088,779,,9,6,Motor Insurance,2024-03-04,2018-03-31,13,,2024-03-22,Referred
30,35677.0,1ZOUUI5M,Amanda,Hernandez,174,322,12.0,9,3,Motor Insurance,2021-09-06,2018-04-30,38,,,Quoted
31,34827.0,55D0LWZD,Michael,Hernandez,758,771,,12,6,Pet Insurance,2025-10-27,2018-04-30,36,,,Expired
32,91419.0,I4PLELUT,David,Garcia,532,1042,12.0,8,2,Home Insurance,2023-01-18,2018-04-30,36,,,Declined
33,73989.0,OOZI89IE,David,Rodriguez,580,182,12.0,5,5,Home Insurance,2022-06-14,2018-04-30,39,,,Expired
34,106571.0,5JNA7AA4,Michael,Rodriguez,824,402,12.0,8,4,Motor Insurance,2022-10-30,2018-04-30,24,,,Declined
35,78683.0,UU2DY3LA,Jessica,Jones,342,299,12.0,11,6,Home Insurance,2021-10-29,2018-04-30,37,,2024-10-17,Declined
36,16558.0,4B3F8CB5,Michael,Brown,789,531,,13,3,Life Insurance,2022-05-16,2018-04-30,12,,,Bound
37,66578.0,EZ5SGKOA,Amanda,Martinez,528,157,12.0,5,6,Motor Insurance,2024-11-08,2018-04-30,10,,,Referred
38,90585.0,FTLC89LH,Emily,Davis,142,1088,,12,3,Life Insurance,2023-03-11,2018-04-30,34,,,Expired
39,107755.0,X2DE6DPS,Christopher,Rodriguez,967,672,12.0,5,2,Home Insurance,2021-05-16,2018-04-30,15,,2024-02-28,Referred
40,96941.0,3NJ2Z00M,Jane,Martinez,323,546,12.0,6,3,Pet Insurance,2025-01-04,2018-04-30,40,,,Declined
41,81004.0,HZECAIVM,Emily,Miller,713,916,,14,6,Motor Insurance,2023-11-07,2018-04-30,8,,,Declined
42,19905.0,T48A7CDZ,David,Miller,275,247,,6,6,Motor Insurance,2024-05-29,2018-04-30,15,,,Referred
43,18721.0,7CL59542,Jane,Smith,638,877,12.0,10,2,Pet Insurance,2021-09-11,2018-04-30,40,,,Bound
44,108265.0,B8IZDHF9,Matthew,Brown,942,853,,7,6,Home Insurance,2023-10-15,2018-04-30,29,,,Bound
45,70411.0,ZQ036WUU,David,Miller,408,123,12.0,12,5,Pet Insurance,2021-05-30,2018-04-30,34,,2024-01-20,Quoted
46,30667.0,54BIE9T8,Michael,Smith,283,1098,12.0,6,5,Home Insurance,2020-01-17,2018-04-30,23,,2024-03-20,Declined
47,104273.0,00FN3ZKG,Sarah,Jones,820,601,,10,3,Life Insurance,2022-08-17,2018-04-30,10,,2024-10-19,Expired
48,21508.0,LEOYAPSB,Christopher,Smith,612,568,12.0,8,2,Pet Insurance,2020-03-24,2018-04-30,9,,,Referred
49,86979.0,U1GXTI4O,Amanda,Martinez,844,934,12.0,14,4,Motor Insurance,2020-10-08,2018-04-30,30,,,Expired
50,14719.0,C5UBDEJQ,Jessica,Rodriguez,123,910,,7,4,Life Insurance,2022-07-20,2018-04-30,21,,,Referred
51,41422.0,ZR3P2N5I,Amanda,Jones,409,1041,12.0,10,5,Home Insurance,2023-02-01,2018-04-30,11,,,Expired
52,40074.0,NXVTAYAA,Matthew,Brown,173,985,0.0,13,6,Life Insurance,2024-02-24,2018-04-30,20,,,Referred
53,103964.0,JZM7B9WT,Christopher,Rodriguez,848,644,,7,2,Pet Insurance,2025-04-04,2018-04-30,18,,,Bound
54,69621.0,QMRHRN2R,Matthew,Martinez,875,622,0.0,6,3,Life Insurance,2024-02-11,2018-04-30,37,,2024-10-01,Bound
55,13958.0,814E7YM6,Emily,Miller,340,245,12.0,13,4,Motor Insurance,2024-08-06,2018-05-31,8,,,Declined
56,52636.0,U4L68VM1,Emily,Johnson,655,302,12.0,5,3,Home Insurance,2020-01-22,2018-05-31,15,,,Declined
57,69365.0,9CNB0FIL,Christopher,Jones,1066,593,12.0,10,3,Pet Insurance,2021-05-07,2018-05-31,18,,,Quoted
58,30992.0,WG3W3P2U,David,Brown,705,613,12.0,13,2,Home Insurance,2025-03-02,2018-05-31,40,,,Expired
59,83769.0,0NITAAZ2,Amanda,Jones,811,894,12.0,11,5,Motor Insurance,2023-10-16,2018-05-31,13,,2024-11-03,Declined
60,51458.0,5TJ3PIPU,Michael,Jones,304,591,12.0,9,3,Pet Insurance,2020-04-27,2018-05-31,6,,,Quoted
61,45088.0,QQ1SI5YF,Amanda,Miller,640,280,12.0,5,6,Home Insurance,2022-05-17,2018-05-31,14,,,Declined
62,87431.0,M2A63GVX,Jessica,Martinez,497,364,,11,3,Motor Insurance,2022-02-23,2018-05-31,20,,,Quoted
63,108867.0,84N1JQKB,Matthew,Davis,1016,100,,14,6,Motor Insurance,2022-07-18,2018-05-31,13,,,Expired
64,43604.0,XYV3I3EM,Sarah,Davis,178,344,0.0,13,6,Life Insurance,2023-04-28,2018-05-31,36,,,Bound
65,87733.0,JPLNZAVO,Christopher,Johnson,851,593,,5,2,Home Insurance,2025-08-20,2018-05-31,36,,,Declined
66,100430.0,BGTU7VL2,Michael,Miller,591,473,12.0,6,4,Pet Insurance,2025-02-04,2018-05-31,18,,,Referred
67,93470.0,TKOQK9CG,Jessica,Brown,361,767,12.0,10,6,Pet Insurance,2021-01-05,2018-05-31,37,,2024-04-17,Referred
68,43556.0,23MUYG0G,Christopher,Jones,593,557,0.0,5,3,Life Insurance,2024-06-09,2018-05-31,22,,,Declined
69,85571.0,UTVD6CVG,John,Miller,1026,1093,12.0,5,2,Motor Insurance,2025-03-22,2018-05-31,38,,,Quoted
70,63135.0,GKA4QDDO,Jane,Rodriguez,535,695,,7,2,Pet Insurance,2024-09-22,2018-05-31,16,,,Bound
71,80013.0,HFKJVWGH,Jane,Johnson,365,904,,11,3,Pet Insurance,2020-10-13,2018-05-31,33,,,Declined
72,24045.0,4TJSMZZ9,Jane,Brown,248,766,12.0,10,3,Home Insurance,2023-12-10,2018-05-31,9,,,Quoted
73,10553.0,COQOK62K,Emily,Hernandez,941,877,12.0,12,3,Home Insurance,2022-04-12,2018-05-31,21,,,Bound
74,13159.0,8647B0GA,Christopher,Miller,740,467,,10,3,Home Insurance,2021-11-27,2018-05-31,26,,,Expired
75,83978.0,ZRONK402,Sarah,Johnson,491,639,12.0,5,6,Home Insurance,2025-08-29,2018-05-31,11,,,Expired
76,104244.0,D6HPA8TL,David,Miller,958,1096,,11,4,Motor Insurance,2021-02-23,2018-05-31,30,,,Referred
77,12808.0,P6SCRDZZ,Matthew,Jones,655,832,12.0,8,4,Home Insurance,2020-01-05,2018-05-31,18,,,Declined
78,52411.0,DP8A2C54,John,Brown,290,213,12.0,6,2,Pet Insurance,2021-12-24,2018-05-31,31,,,Bound
79,96836.0,OWSPPRJ8,John,Garcia,1064,123,12.0,12,5,Pet Insurance,2020-12-18,2018-05-31,8,,,Expired
80,40166.0,4Y1TH9RP,David,Brown,743,162,,9,6,Pet Insurance,2025-02-28,2018-05-31,37,,,Bound
81,97223.0,5CH8W11J,Christopher,Davis,176,738,,9,6,Pet Insurance,2023-03-17,2018-05-31,32,,2024-07-29,Bound
82,61954.0,K5FOKGVY,Matthew,Smith,811,707,12.0,9,6,Home Insurance,2022-05-13,2018-05-31,29,,,Expired
83,90937.0,31TVO8JQ,John,Brown,727,983,12.0,8,5,Pet Insurance,2024-07-06,2018-05-31,14,,,Expired
84,98761.0,0Q99SJRU,Michael,Hernandez,1078,878,12.0,9,3,Pet Insurance,2022-12-01,2018-05-31,12,,,Declined
85,16610.0,4SMXHX77,Amanda,Johnson,618,422,0.0,8,5,Life Insurance,2021-05-08,2018-05-31,39,,,Declined
86,65924.0,1XIG40X4,John,Rodriguez,995,1083,,5,6,Motor Insurance,2020-04-29,2018-05-31,33,,,Quoted
87,18870.0,I2OU2SMK,David,Smith,1013,435,12.0,7,5,Motor Insurance,2024-01-31,2018-05-31,11,,,Bound
88,68964.0,NMM08PK7,Jane,Johnson,229,147,12.0,10,4,Pet Insurance,2024-12-11,2018-05-31,40,,2024-12-07,Bound
89,92136.0,8MTG3OMN,David,Martinez,935,1025,12.0,14,3,Motor Insurance,2023-04-09,2018-05-31,29,,,Declined
90,81033.0,G0N2OQT6,Amanda,Miller,719,449,,13,6,Motor Insurance,2025-07-22,2018-05-31,17,,,Declined
91,95466.0,D29ZPF3I,Jane,Davis,761,474,,10,6,Home Insurance,2023-02-19,2018-06-30,35,,,Expired
92,91354.0,FDCZ5MSB,Christopher,Martinez,918,673,12.0,12,6,Home Insurance,2023-07-17,2018-06-30,13,,,Declined
93,26728.0,89U1X9BX,Jessica,Rodriguez,912,424,12.0,6,2,Home Insurance,2022-12-23,2018-06-30,6,,,Expired
94,72529.0,K28FOCEJ,Matthew,Hernandez,1002,196,12.0,12,3,Home Insurance,2021-06-26,2018-06-30,30,,,Referred
95,86345.0,RYXV8APY,Jessica,Davis,793,249,,7,5,Home Insurance,2021-08-16,2018-06-30,29,,,Quoted
96,23885.0,O9RATG7A,Michael,Rodriguez,836,179,0.0,14,2,Life Insurance,2025-09-04,2018-06-30,7,,2024-04-29,Referred
97,85260.0,4BVIPYNA,Sarah,Rodriguez,647,637,0.0,6,3,Life Insurance,2022-01-03,2018-06-30,23,,,Expired
98,90945.0,WNYLRTU0,John,Rodriguez,968,554,12.0,11,6,Motor Insurance,2024-09-04,2018-06-30,13,,,Expired
99,78069.0,I6QW38PA,Emily,Rodriguez,847,497,12.0,14,6,Motor Insurance,2023-12-03,2018-06-30,27,,,Quoted
100,40203.0,9C7XKJA0,Jane,Garcia,1042,269,0.0,13,6,Life Insurance,2020-10-18,2018-06-30,24,,,Referred
101,80297.0,7WZQWVGN,John,Rodriguez,777,1071,0.0,13,4,Life Insurance,2025-01-22,2018-06-30,24,,,Expired
102,14393.0,TJEOGP7V,Michael,Garcia,769,1000,0.0,12,4,Life Insurance,2022-05-24,2018-06-30,23,,,Bound
103,56408.0,KC2F38GW,Jessica,Miller,225,1091,12.0,10,4,Home Insurance,2020-12-27,2018-06-30,20,,,Declined
104,56371.0,DJ1MZI75,Michael,Martinez,145,755,12.0,9,2,Pet Insurance,2022-06-01,2018-06-30,32,,,Bound
105,102518.0,UAHL2GOI,Christopher,Miller,617,111,12.0,11,3,Pet Insurance,2020-12-06,2018-06-30,37,,,Declined
106,109643.0,2JAU8BUY,Emily,Johnson,508,972,12.0,11,5,Motor Insurance,2025-06-13,2018-06-30,12,,,Declined
107,11051.0,NIPFLN0U,Michael,Martinez,168,570,12.0,9,6,Motor Insurance,2022-11-11,2018-06-30,32,,,Bound
108,74135.0,JVINCRNP,Sarah,Miller,829,804,12.0,14,2,Pet Insurance,2023-12-11,2018-06-30,25,,,Bound
109,34732.0,034K1AN8,Emily,Davis,149,156,12.0,5,3,Pet Insurance,2021-08-10,2018-06-30,12,,,Quoted
110,109805.0,GI7UR491,David,Davis,633,885,12.0,7,2,Pet Insurance,2025-08-10,2018-06-30,26,,,Declined
111,28298.0,8MATD8NN,Michael,Johnson,595,158,12.0,10,4,Home Insurance,2023-12-19,2018-06-30,22,,,Bound
112,62831.0,BEWX8JXZ,Jane,Hernandez,259,851,12.0,13,6,Motor Insurance,2025-09-05,2018-06-30,28,,2024-11-10,Declined
113,66953.0,GRXAICRJ,Emily,Johnson,199,788,12.0,13,6,Pet Insurance,2022-09-25,2018-06-30,34,,,Bound
114,57299.0,S28IAEAV,Emily,Martinez,140,1073,12.0,9,2,Pet Insurance,2024-07-08,2018-06-30,33,,,Declined
115,49091.0,CMDFNPTW,Matthew,Rodriguez,543,701,12.0,10,6,Pet Insurance,2021-11-11,2018-06-30,40,,,Referred
116,17115.0,ZODXC09T,Jessica,Martinez,974,329,12.0,5,3,Pet Insurance,2021-07-30,2018-06-30,15,,,Bound
117,66859.0,V7CKQJEU,Emily,Jones,853,334,12.0,10,3,Home Insurance,2022-03-27,2018-06-30,33,,2024-08-10,Expired
118,73954.0,NY9R0KDM,Matthew,Davis,437,903,12.0,14,3,Motor Insurance,2020-01-04,2018-06-30,36,,,Declined
119,108333.0,X51DH9Z7,Michael,Garcia,441,903,12.0,14,4,Home Insurance,2020-04-01,2018-06-30,16,,,Referred
120,50648.0,HP701TTN,Jane,Hernandez,400,722,12.0,10,2,Motor Insurance,2021-12-12,2018-06-30,16,,,Expired
121,38890.0,9OV8B3JB,Jane,Brown,311,441,12.0,12,6,Home Insurance,2021-08-12,2018-06-30,38,,,Referred
122,54572.0,BII7554B,Sarah,Smith,254,852,,14,2,Motor Insurance,2023-10-29,2018-06-30,25,,,Quoted
123,87422.0,48G2619H,Amanda,Miller,558,638,12.0,7,5,Pet Insurance,2024-01-20,2018-06-30,23,,,Declined
124,40763.0,3WITOLT8,John,Johnson,297,1044,12.0,12,4,Motor Insurance,2021-05-11,2018-06-30,20,,,Referred
125,77625.0,LHU6MHN8,Jane,Miller,302,109,12.0,8,5,Pet Insurance,2021-11-15,2018-06-30,11,,,Declined
126,98452.0,EJJI5EKO,Jessica,Garcia,129,1071,12.0,5,5,Home Insurance,2020-11-05,2018-06-30,9,,,Expired
127,34735.0,836MK3XT,Sarah,Martinez,357,265,0.0,8,6,Life Insurance,2025-09-23,2018-06-30,38,,,Quoted
128,40663.0,S93OH1RO,Amanda,Rodriguez,1015,293,12.0,12,2,Motor Insurance,2022-12-31,2018-06-30,41,,2024-06-19,Expired
129,66048.0,D1ASPSIN,Emily,Miller,284,349,12.0,13,3,Pet Insurance,2025-12-24,2018-06-30,37,,,Bound
130,16332.0,7QOYUV7W,Amanda,Martinez,329,851,12.0,14,5,Pet Insurance,2021-06-25,2018-06-30,18,,2024-08-29,Bound
131,12816.0,00TR9HLF,David,Garcia,384,860,12.0,14,3,Pet Insurance,2024-05-11,2018-06-30,12,,,Declined
132,70561.0,9ANVH61Q,Emily,Brown,569,661,0.0,14,2,Life Insurance,2025-12-28,2018-06-30,40,,,Declined
133,96625.0,NFPWVM5K,Christopher,Miller,353,559,0.0,5,6,Life Insurance,2021-05-30,2018-06-30,6,,,Bound
134,40576.0,DLQZVFLY,Matthew,Johnson,583,1012,12.0,10,6,Home Insurance,2024-09-18,2018-06-30,10,,,Quoted
135,38013.0,CS9GOV4F,David,Johnson,241,488,0.0,8,6,Life Insurance,2023-09-06,2018-06-30,17,,,Bound
136,26893.0,LCH10V3E,Emily,Smith,1072,964,12.0,9,6,Motor Insurance,2024-04-12,2018-06-30,33,,,Declined
137,46933.0,03USCMV8,John,Jones,903,220,12.0,10,4,Home Insurance,2024-03-10,2018-06-30,31,,,Quoted
138,24934.0,QQTJHR1Z,Christopher,Johnson,736,390,,5,2,Motor Insurance,2025-03-01,2018-06-30,30,,2024-03-08,Referred
139,22999.0,5UB229SS,Amanda,Hernandez,423,209,12.0,7,4,Home Insurance,2025-01-21,2018-06-30,12,,,Declined
140,50636.0,C2X19YMG,John,Garcia,829,390,0.0,5,2,Life Insurance,2024-10-07,2018-07-31,8,,,Expired
141,17047.0,O410J05F,Emily,Martinez,454,744,12.0,5,6,Motor Insurance,2024-12-15,2018-07-31,19,,,Bound
142,40570.0,G0N8RTPF,John,Rodriguez,207,650,12.0,11,5,Pet Insurance,2021-07-04,2018-07-31,35,,,Bound
143,13282.0,2C0XC1H3,Christopher,Johnson,540,686,,5,3,Life Insurance,2023-01-12,2018-07-31,6,,,Declined
144,73924.0,J8IEH8WF,Amanda,Brown,914,701,12.0,11,3,Motor Insurance,2020-08-12,2018-07-31,35,,,Expired
145,20715.0,QJSOGF8I,David,Brown,1086,572,12.0,5,2,Motor Insurance,2022-09-22,2018-07-31,34,,,Bound
146,108213.0,5FCCIFJC,Matthew,Rodriguez,235,451,,14,3,Motor Insurance,2020-08-15,2018-07-31,28,,,Bound
147,11880.0,7SA6HRP4,Michael,Jones,975,626,12.0,7,3,Home Insurance,2024-02-27,2018-07-31,7,,,Bound
148,85879.0,2FLT71ZF,Emily,Davis,849,923,12.0,9,5,Pet Insurance,2020-08-22,2018-07-31,15,,,Expired
149,53808.0,L7QO26BC,Michael,Garcia,842,330,0.0,9,5,Life Insurance,2024-05-27,2018-07-31,11,,,Bound
150,24823.0,FVGTZMMO,Jessica,Hernandez,460,348,12.0,11,4,Motor Insurance,2020-10-18,2018-07-31,34,,2024-08-20,Expired
151,18363.0,LSN43H07,Amanda,Davis,670,1020,,13,4,Pet Insurance,2022-04-27,2018-07-31,25,,2024-09-30,Expired
152,56911.0,ZOAWW4U8,John,Martinez,1003,179,12.0,14,3,Pet Insurance,2022-05-08,2018-07-31,7,,,Expired
153,93839.0,NE5SDJJ2,Sarah,Davis,113,397,0.0,9,5,Life Insurance,2024-01-04,2018-07-31,8,,,Referred
154,27916.0,P5UW3D62,David,Johnson,528,999,12.0,11,6,Pet Insurance,2023-08-09,2018-07-31,11,,,Bound
155,38347.0,44W4244U,Sarah,Garcia,242,706,,14,5,Pet Insurance,2023-10-28,2018-07-31,13,,,Bound
156,102876.0,O84ZHN8U,Michael,Garcia,506,269,12.0,13,2,Pet Insurance,2024-06-21,2018-07-31,8,,,Declined
157,10583.0,FM8I5WC3,Jessica,Martinez,683,1047,12.0,7,5,Home Insurance,2024-03-13,2018-07-31,39,,,Quoted
158,53322.0,ZSG3WET0,Emily,Miller,543,631,,9,6,Motor Insurance,2020-05-06,2018-07-31,32,,,Quoted
159,92583.0,DJM4261H,Emily,Miller,212,422,12.0,7,6,Motor Insurance,2024-11-25,2018-07-31,32,,,Referred
160,31802.0,ZNSB6GA0,John,Johnson,390,1011,12.0,7,3,Home Insurance,2025-10-23,2018-07-31,25,,2024-01-10,Declined
161,44698.0,W00IL5MT,Amanda,Smith,782,186,12.0,5,5,Home Insurance,2023-02-20,2018-07-31,25,,,Bound
162,14314.0,1UXGWBSY,Matthew,Jones,842,171,12.0,6,6,Pet Insurance,2023-09-13,2018-07-31,40,,,Bound
163,68975.0,GRJUN8RD,Christopher,Davis,812,457,12.0,10,4,Home Insurance,2020-04-28,2018-07-31,22,,,Quoted
164,97940.0,X45M2PVM,Michael,Johnson,615,628,12.0,6,2,Pet Insurance,2020-04-12,2018-07-31,7,,,Referred
165,90724.0,BYXBSPV2,Jane,Johnson,498,828,,13,6,Motor Insurance,2021-05-17,2018-07-31,20,,,Quoted
166,85549.0,PHUS2S4Y,Jessica,Davis,953,182,12.0,6,5,Pet Insurance,2024-12-17,2018-07-31,11,,,Bound
167,75925.0,ON04IGHW,Jane,Miller,386,1001,,5,2,Home Insurance,2023-02-16,2018-07-31,26,,,Referred
168,21127.0,XZMRC8EI,Matthew,Martinez,724,1072,12.0,12,2,Pet Insurance,2023-04-30,2018-07-31,16,,,Referred
169,63702.0,UF7IYEGN,John,Davis,574,911,12.0,5,3,Motor Insurance,2022-07-15,2018-07-31,26,,,Declined
170,48401.0,MUO6QPMI,Matthew,Brown,290,224,12.0,10,3,Home Insurance,2021-05-30,2018-07-31,25,,,Referred
171,49785.0,1DH8UN92,Jessica,Davis,573,842,,5,3,Home Insurance,2021-08-11,2018-07-31,6,,2024-03-19,Declined
172,63836.0,S3RR9GHP,Emily,Davis,268,485,12.0,13,4,Home Insurance,2020-09-08,2018-07-31,24,,,Expired
173,63891.0,JC4NL6GM,Sarah,Miller,723,233,12.0,10,6,Motor Insurance,2025-08-11,2018-07-31,6,,,Referred
174,27508.0,HZR0JYS5,Sarah,Garcia,1022,954,,12,5,Home Insurance,2022-10-09,2018-07-31,29,,,Bound
175,51470.0,D3IR5W3G,John,Smith,573,641,0.0,7,3,Life Insurance,2023-09-06,2018-07-31,39,,,Bound
176,41185.0,KMWZLVE9,David,Smith,581,497,0.0,10,4,Life Insurance,2022-01-08,2018-07-31,41,,,Bound
177,109834.0,SFF9UWBT,Sarah,Davis,800,329,12.0,5,3,Pet Insurance,2020-05-23,2018-07-31,39,,,Quoted
178,27858.0,JW70XNM9,Michael,Johnson,691,561,12.0,12,3,Home Insurance,2022-03-19,2018-07-31,7,,,Expired
179,43975.0,0U7UICE7,Amanda,Davis,1089,301,,8,4,Home Insurance,2020-10-07,2018-07-31,27,,,Quoted
180,14212.0,5UQ6OQIL,Amanda,Miller,324,936,12.0,13,4,Pet Insurance,2021-08-10,2018-07-31,41,,,Declined
181,39996.0,LVUT4AND,David,Hernandez,523,926,,9,5,Life Insurance,2021-09-28,2018-07-31,8,,,Referred
182,83281.0,LP3VUV5O,Amanda,Rodriguez,264,354,12.0,10,3,Pet Insurance,2023-04-12,2018-07-31,28,,,Quoted
183,77955.0,9F9Y6SE9,Matthew,Brown,402,532,0.0,8,5,Life Insurance,2025-05-16,2018-07-31,27,,,Quoted
184,84900.0,KQWLCIIQ,David,Davis,969,363,12.0,5,6,Home Insurance,2023-10-28,2018-07-31,23,,,Declined
185,38835.0,RVGHJM2T,Jane,Martinez,464,670,12.0,11,6,Pet Insurance,2025-01-05,2018-07-31,12,,,Referred
186,45621.0,P6M989W7,Jane,Rodriguez,1023,409,12.0,10,3,Home Insurance,2024-05-22,2018-07-31,40,,,Referred
187,95103.0,SXE4EO6O,Christopher,Jones,991,205,12.0,8,4,Home Insurance,2022-08-05,2018-07-31,35,,,Bound
188,67404.0,8DD7MMFB,Christopher,Brown,976,640,12.0,12,6,Motor Insurance,2022-06-20,2018-07-31,10,,,Quoted
189,107625.0,MMVL3F1F,Sarah,Smith,865,343,0.0,7,6,Life Insurance,2025-12-19,2018-07-31,25,,,Bound
190,16470.0,GDT4S7RK,John,Martinez,560,276,12.0,6,5,Pet Insurance,2022-02-26,2018-07-31,17,,,Declined
191,57132.0,I9B0FNMD,Jane,Jones,679,881,12.0,8,5,Home Insurance,2024-06-14,2018-07-31,28,,,Quoted
192,101668.0,3FBI9FMP,Sarah,Miller,616,494,,11,2,Home Insurance,2024-05-28,2018-07-31,15,,,Bound
193,14746.0,FGE6ILIL,Jessica,Martinez,267,390,12.0,14,2,Pet Insurance,2024-07-29,2018-07-31,37,,2024-04-27,Referred
194,109633.0,UGLQ0N01,Matthew,Davis,135,227,12.0,12,4,Pet Insurance,2020-04-01,2018-07-31,30,,,Expired
195,14140.0,KNR42X82,Jessica,Rodriguez,991,566,12.0,7,5,Motor Insurance,2024-05-07,2018-07-31,25,,,Quoted
196,58069.0,PUSVRE6X,Michael,Martinez,553,952,12.0,9,3,Motor Insurance,2024-04-20,2018-07-31,13,,,Bound
197,93034.0,Y7D8XZOR,Emily,Miller,142,644,12.0,13,5,Motor Insurance,2024-02-23,2018-07-31,23,,,Declined
198,23834.0,1NG3XYI3,Matthew,Garcia,198,187,12.0,8,6,Motor Insurance,2021-12-09,2018-07-31,25,,,Bound
199,104597.0,G6CIDXUX,Michael,Martinez,171,997,12.0,14,4,Pet Insurance,2022-08-21,2018-07-31,27,,2024-06-23,Bound
200,44468.0,OYWMDRB5,Matthew,Miller,647,1090,12.0,8,5,Home Insurance,2025-11-21,2018-07-31,7,,,Referred
201,28978.0,5OJ9MIQ2,Emily,Smith,468,610,12.0,14,2,Pet Insurance,2020-10-09,2018-07-31,24,,,Declined
202,109452.0,24D4XZDF,Jessica,Jones,647,339,12.0,9,5,Pet Insurance,2021-11-18,2018-07-31,38,,,Quoted
203,98463.0,XZTJHTCP,Jessica,Martinez,1076,360,,5,2,Motor Insurance,2025-08-19,2018-07-31,35,,,Bound
204,51058.0,XMJ1DHNR,Jessica,Martinez,255,766,,13,3,Motor Insurance,2024-08-03,2018-08-31,6,,,Referred
205,29594.0,7MLSZ7O4,Christopher,Garcia,487,870,12.0,9,6,Home Insurance,2024-01-27,2018-08-31,41,,,Referred
206,94780.0,SDKJ3BUB,Christopher,Johnson,436,722,12.0,5,3,Motor Insurance,2021-11-24,2018-08-31,28,,,Declined
207,31610.0,3X2DBITS,Michael,Martinez,635,467,0.0,7,4,Life Insurance,2024-09-06,2018-08-31,17,,,Expired
208,53525.0,8YZ8JXO8,Christopher,Jones,1055,651,12.0,12,5,Pet Insurance,2025-11-28,2018-08-31,8,,,Quoted
209,86763.0,B5CB0ZCI,Sarah,Jones,1063,152,12.0,14,2,Pet Insurance,2021-08-07,2018-08-31,8,,,Quoted
210,16649.0,37HMYY7W,John,Garcia,983,557,12.0,14,6,Home Insurance,2020-02-27,2018-08-31,28,,,Declined
211,49659.0,BYYITVK1,John,Hernandez,198,897,12.0,13,4,Pet Insurance,2022-01-11,2018-08-31,20,,,Expired
212,78494.0,PO99ZQN5,Jane,Jones,276,815,,11,4,Home Insurance,2022-10-20,2018-08-31,6,,,Bound
213,66315.0,AJ4JWTMD,Michael,Johnson,663,412,12.0,6,3,Pet Insurance,2020-12-27,2018-08-31,34,,,Bound
214,55271.0,C2UDRHWY,Matthew,Johnson,895,886,0.0,5,4,Life Insurance,2021-04-04,2018-08-31,8,,,Declined
215,97047.0,JKLU302F,David,Rodriguez,138,1092,12.0,10,6,Home Insurance,2025-12-24,2018-08-31,34,,,Bound
216,95743.0,21AQ16U2,Christopher,Jones,315,254,0.0,7,4,Life Insurance,2022-07-30,2018-08-31,6,,,Expired
217,68765.0,AA1RJD9P,Jessica,Hernandez,672,339,12.0,12,4,Home Insurance,2021-04-09,2018-08-31,18,,,Declined
218,106703.0,YOR6MRL5,John,Martinez,783,149,,14,4,Pet Insurance,2021-04-12,2018-08-31,31,,,Expired
219,96080.0,ZZF6ATHA,Matthew,Martinez,903,248,0.0,5,4,Life Insurance,2025-02-21,2018-08-31,22,,,Quoted
220,87390.0,GTSQYP50,Emily,Smith,185,354,12.0,11,3,Home Insurance,2025-05-20,2018-08-31,8,,,Referred
221,62882.0,S2FB1V42,Jessica,Garcia,949,791,12.0,5,5,Motor Insurance,2022-06-17,2018-08-31,7,,,Expired
222,86767.0,455N4741,Michael,Smith,290,781,0.0,13,3,Life Insurance,2022-10-07,2018-08-31,39,,,Bound
223,87315.0,88ZPBDMJ,David,Hernandez,290,705,,9,5,Motor Insurance,2025-07-09,2018-08-31,29,,,Declined
224,74841.0,0RVRROF9,Emily,Davis,273,436,,6,2,Pet Insurance,2021-04-25,2018-08-31,20,,,Bound
225,89355.0,LKSFPQ6U,Emily,Brown,571,461,,8,3,Motor Insurance,2021-06-21,2018-08-31,29,,,Referred
226,83592.0,X36ERRS9,Emily,Johnson,729,392,0.0,6,2,Life Insurance,2020-07-12,2018-08-31,37,,,Bound
227,74752.0,2CAAWJVG,David,Miller,369,1052,12.0,7,5,Motor Insurance,2020-11-14,2018-08-31,21,,,Bound
228,107782.0,ZKHOW8SU,Sarah,Smith,847,903,,5,5,Home Insurance,2022-01-04,2018-08-31,19,,,Declined
229,80420.0,1X9KU03G,Amanda,Martinez,1050,709,12.0,14,6,Pet Insurance,2022-08-01,2018-08-31,30,,,Declined
230,79565.0,D6BSF4I1,Jessica,Garcia,168,804,,10,2,Life Insurance,2022-12-16,2018-08-31,11,,,Bound
231,78709.0,MZZKZ6AM,John,Davis,164,468,12.0,6,2,Pet Insurance,2023-01-07,2018-08-31,7,,,Declined
232,92870.0,9C1KD86B,Christopher,Rodriguez,227,1037,12.0,10,5,Pet Insurance,2020-06-26,2018-08-31,25,,,Referred
233,58477.0,MPYPBU81,Christopher,Johnson,810,242,,6,6,Life Insurance,2023-11-03,2018-08-31,10,,,Declined
234,39078.0,PX4VOUPS,David,Johnson,376,488,0.0,9,4,Life Insurance,2023-02-14,2018-08-31,24,,,Referred
235,20179.0,WOBYSADH,John,Rodriguez,711,1095,12.0,8,5,Pet Insurance,2021-09-27,2018-08-31,25,,,Quoted
236,75056.0,HLQP4EZL,Sarah,Johnson,945,133,12.0,10,3,Motor Insurance,2020-11-27,2018-08-31,25,,,Referred
237,91157.0,6CTWAUIK,Matthew,Rodriguez,785,853,12.0,11,3,Home Insurance,2024-03-02,2018-08-31,16,,,Bound
238,35640.0,YN1UGFXV,Michael,Jones,113,828,0.0,11,5,Life Insurance,2022-09-16,2018-08-31,34,,,Declined
239,42835.0,55GDE6LZ,Michael,Rodriguez,1051,812,12.0,5,5,Home Insurance,2025-11-30,2018-08-31,14,,,Bound
240,32998.0,IUQDNW6U,Matthew,Miller,419,1011,12.0,8,3,Motor Insurance,2023-08-24,2018-08-31,8,,2024-02-24,Quoted
241,28456.0,HTMQKZMZ,Michael,Jones,1098,525,,10,2,Life Insurance,2022-02-21,2018-08-31,37,,,Bound
242,34357.0,4NU1065R,Sarah,Hernandez,740,733,12.0,12,5,Pet Insurance,2025-02-11,2018-08-31,19,,,Quoted
243,67564.0,QTQZVX3I,John,Smith,958,260,12.0,14,2,Motor Insurance,2024-06-01,2018-08-31,38,,,Declined
244,42132.0,MTSJ9DWD,Emily,Miller,133,568,,9,4,Home Insurance,2022-05-17,2018-08-31,16,,,Quoted
245,36990.0,G3V0RKP5,Michael,Hernandez,509,526,12.0,5,4,Home Insurance,2025-11-19,2018-08-31,15,,,Bound
246,99097.0,QKZQYL7M,Christopher,Hernandez,159,590,,10,3,Motor Insurance,2021-01-20,2018-08-31,29,,,Quoted
247,107944.0,55IQFD2G,Michael,Jones,368,101,,10,6,Home Insurance,2021-09-21,2018-08-31,22,,,Referred
248,89847.0,1UB9X3SI,Jessica,Jones,185,687,12.0,8,6,Motor Insurance,2023-12-11,2018-08-31,34,,,Expired
249,16604.0,AY7RRI3Z,John,Rodriguez,790,414,12.0,6,2,Home Insurance,2023-02-18,2018-08-31,40,,,Declined
250,20425.0,YY0MCWAY,Sarah,Smith,1032,140,0.0,14,5,Life Insurance,2022-06-30,2018-08-31,11,,,Expired
251,84064.0,5R5KBD27,Christopher,Martinez,979,483,12.0,9,2,Motor Insurance,2020-08-01,2018-08-31,7,,,Declined
252,102334.0,P4JYLV8D,Michael,Jones,1093,672,,12,2,Life Insurance,2025-01-31,2018-08-31,25,,,Referred
253,35785.0,BGSHXK5F,Michael,Garcia,765,629,,5,3,Life Insurance,2025-10-07,2018-08-31,8,,,Declined
254,102749.0,4WW7QSWN,Michael,Johnson,282,758,12.0,8,6,Motor Insurance,2024-01-14,2018-08-31,37,,,Quoted
255,48782.0,2W63BL5C,Michael,Davis,803,794,,13,2,Motor Insurance,2023-08-08,2018-08-31,39,,2024-11-14,Quoted
256,78465.0,H4E260VB,John,Davis,562,1026,12.0,8,4,Motor Insurance,2022-08-20,2018-08-31,9,,,Quoted
257,83238.0,1J55B3RU,Matthew,Rodriguez,332,1058,12.0,13,2,Motor Insurance,2020-03-24,2018-08-31,8,,,Quoted
258,40367.0,GJT8TOG1,Matthew,Garcia,725,150,12.0,11,6,Motor Insurance,2025-06-05,2018-08-31,39,,,Declined
259,63253.0,7O87K360,Emily,Johnson,992,104,12.0,13,5,Pet Insurance,2022-07-20,2018-08-31,15,,,Bound
260,74394.0,RDIL2RFF,Christopher,Martinez,712,1009,12.0,10,3,Home Insurance,2023-03-05,2018-08-31,20,,,Expired
261,14134.0,ZKMEQQKD,Michael,Rodriguez,277,651,12.0,11,6,Home Insurance,2020-12-01,2018-08-31,39,,,Bound
262,39251.0,AQ7ZUPPK,Michael,Rodriguez,400,135,,5,6,Life Insurance,2022-05-05,2018-08-31,7,,2024-05-21,Declined
263,103836.0,H4A93KCI,Jane,Johnson,706,902,,11,6,Home Insurance,2022-12-07,2018-08-31,18,,,Declined
264,13442.0,BO7E9ZPD,Sarah,Hernandez,970,565,12.0,12,6,Motor Insurance,2023-05-14,2018-08-31,11,,,Expired
265,78555.0,WW8QHNYW,David,Martinez,888,404,,5,4,Pet Insurance,2023-03-08,2018-08-31,18,,,Quoted
266,96609.0,54RWJEPH,Matthew,Davis,523,748,,5,4,Home Insurance,2024-03-11,2018-08-31,11,,,Bound
267,56463.0,GRIQJMLW,Sarah,Johnson,575,586,12.0,7,2,Home Insurance,2022-04-10,2018-08-31,35,,,Quoted
268,95592.0,58QIHV4D,Michael,Miller,506,770,12.0,9,4,Home Insurance,2025-07-24,2018-08-31,38,,,Expired
269,99173.0,50CY9P4Y,Amanda,Rodriguez,846,346,12.0,9,3,Home Insurance,2025-03-23,2018-08-31,24,,,Declined
270,35107.0,LDKG3G1I,Jane,Smith,580,358,12.0,14,3,Motor Insurance,2024-02-11,2018-08-31,7,,2024-03-19,Expired
271,60753.0,NEUY02LV,Michael,Rodriguez,870,689,12.0,6,3,Home Insurance,2024-08-18,2018-08-31,34,,,Declined
272,26905.0,XRZJVGWQ,Amanda,Miller,1090,608,12.0,14,6,Home Insurance,2025-08-26,2018-08-31,26,,,Expired
273,41995.0,M0NM09NE,Amanda,Hernandez,178,804,,13,5,Motor Insurance,2025-07-31,2018-08-31,18,,,Declined
274,29588.0,ZGMAPZ0F,David,Davis,115,688,0.0,12,6,Life Insurance,2024-09-27,2018-08-31,20,,,Bound
275,39088.0,XZSEHZ82,Sarah,Miller,604,999,12.0,10,3,Home Insurance,2025-12-14,2018-08-31,13,,,Referred
276,97603.0,V6HJUPFQ,David,Jones,647,547,12.0,12,3,Pet Insurance,2021-03-22,2018-08-31,15,,,Declined
277,18086.0,5HKUKEEA,David,Rodriguez,630,610,12.0,5,6,Home Insurance,2023-07-13,2018-08-31,22,,,Bound
278,43838.0,VFQK4TOJ,Sarah,Miller,851,951,0.0,10,3,Life Insurance,2022-01-27,2018-08-31,8,,,Referred
279,34374.0,PZVB8JCV,Jane,Brown,941,1065,,10,5,Life Insurance,2022-06-13,2018-08-31,18,,,Declined
280,95195.0,U9CMEPJZ,Sarah,Miller,516,1083,12.0,8,2,Pet Insurance,2022-12-29,2018-08-31,20,,,Expired
281,13525.0,H4QG1O7F,Sarah,Hernandez,811,876,12.0,5,5,Home Insurance,2021-11-23,2018-08-31,8,,,Quoted
282,98390.0,GR9PHIP6,John,Brown,958,186,12.0,13,3,Home Insurance,2024-08-09,2018-08-31,20,,,Quoted
283,47446.0,Q5PY37LN,Matthew,Brown,981,538,12.0,14,3,Pet Insurance,2021-03-31,2018-08-31,28,,,Referred
284,98196.0,WRK984CI,David,Martinez,223,1083,12.0,7,5,Motor Insurance,2023-09-24,2018-08-31,18,,,Expired
285,77023.0,3I0W44HC,Sarah,Smith,522,666,12.0,9,3,Motor Insurance,2022-12-15,2018-09-30,21,,2024-12-28,Declined
286,84103.0,OX22LQTW,Sarah,Smith,457,143,0.0,6,3,Life Insurance,2020-08-02,2018-09-30,17,,,Quoted
287,17389.0,ES03YRDA,Matthew,Brown,927,186,12.0,5,5,Home Insurance,2024-02-08,2018-09-30,23,,,Bound
288,50154.0,R9YZWV6M,Jane,Rodriguez,1011,505,12.0,12,3,Motor Insurance,2023-03-04,2018-09-30,28,,,Declined
289,99900.0,C8N9VR9J,Emily,Miller,102,236,,5,4,Pet Insurance,2023-12-19,2018-09-30,40,,,Quoted
290,85981.0,RLPFS29W,Emily,Brown,309,1097,12.0,11,6,Pet Insurance,2025-09-15,2018-09-30,38,,,Declined
291,52165.0,MTJQ2X40,Emily,Smith,185,886,,8,5,Home Insurance,2020-07-12,2018-09-30,19,,,Declined
292,83560.0,T0BM5RAZ,Jane,Martinez,991,972,12.0,13,6,Pet Insurance,2021-05-18,2018-09-30,19,,,Expired
293,29467.0,JVFNWSOQ,Jane,Johnson,928,895,12.0,5,4,Motor Insurance,2021-09-03,2018-09-30,24,,,Declined
294,16950.0,MGMR0NGL,John,Davis,626,776,0.0,13,2,Life Insurance,2020-11-03,2018-09-30,28,,,Referred
295,105843.0,PL7VLBG0,Matthew,Rodriguez,584,276,,5,3,Pet Insurance,2020-12-01,2018-09-30,35,,,Bound
296,88877.0,FXMY3F1U,Christopher,Miller,313,953,,6,5,Pet Insurance,2025-04-26,2018-09-30,23,,,Referred
297,12206.0,3ZWODYD4,David,Rodriguez,1023,142,,7,5,Motor Insurance,2024-03-21,2018-09-30,38,,,Declined
298,59006.0,4T0CW7PR,John,Miller,305,913,12.0,8,5,Pet Insurance,2020-10-05,2018-09-30,16,,,Quoted
299,60290.0,N14JPKQV,Christopher,Rodriguez,432,331,12.0,11,6,Home Insurance,2021-05-22,2018-09-30,19,,,Referred
300,26853.0,WUCYRGA1,Jessica,Johnson,920,1060,0.0,11,4,Life Insurance,2020-08-25,2018-09-30,13,,,Expired
301,68704.0,DVDPF0HS,Matthew,Brown,745,152,0.0,13,2,Life Insurance,2021-04-29,2018-09-30,32,,,Declined
302,71083.0,WRILKJAZ,Sarah,Jones,988,790,12.0,8,3,Pet Insurance,2022-02-06,2018-09-30,23,,,Bound
303,45012.0,X980HSEA,David,Johnson,818,797,12.0,14,2,Home Insurance,2022-10-02,2018-09-30,17,,,Quoted
304,32925.0,CKVG1D4C,Sarah,Rodriguez,399,584,12.0,11,3,Motor Insurance,2021-01-17,2018-09-30,39,,,Expired
305,19662.0,MEWT03TT,Jessica,Davis,945,752,12.0,6,3,Motor Insurance,2025-09-03,2018-09-30,37,,,Expired
306,70872.0,6R93EEFR,Jessica,Hernandez,309,852,0.0,14,2,Life Insurance,2021-09-02,2018-09-30,10,,,Quoted
307,11908.0,YMHN5ZHN,Michael,Smith,657,361,,13,4,Pet Insurance,2022-03-05,2018-09-30,37,,,Bound
308,79737.0,Y2F8YHNU,Sarah,Smith,506,1044,12.0,9,2,Motor Insurance,2022-11-18,2018-09-30,26,,,Quoted
309,85810.0,2DE8Z2BY,David,Hernandez,1035,1076,,10,3,Home Insurance,2022-07-23,2018-09-30,10,,,Referred
310,34409.0,3ZOW9AKM,David,Jones,524,1092,12.0,12,3,Motor Insurance,2021-03-26,2018-09-30,28,,,Expired
311,56107.0,0N0H2MBN,Sarah,Hernandez,497,765,,6,3,Pet Insurance,2024-10-31,2018-09-30,32,,,Declined
312,33842.0,KIHXMO00,Christopher,Hernandez,269,762,12.0,9,3,Motor Insurance,2025-04-22,2018-09-30,41,,,Bound
313,104995.0,7GIE2G9G,Christopher,Jones,218,539,12.0,7,6,Motor Insurance,2024-09-17,2018-09-30,25,,,Bound
314,28791.0,R73NVX6R,Christopher,Jones,259,672,,8,2,Pet Insurance,2025-07-31,2018-09-30,33,,,Quoted
315,35220.0,AH9671RV,Christopher,Miller,521,592,12.0,14,6,Home Insurance,2023-11-28,2018-09-30,11,,,Bound
316,107955.0,6IIJX75K,John,Hernandez,752,1063,12.0,14,2,Pet Insurance,2023-04-12,2018-09-30,35,,,Quoted
317,20213.0,0K6IBN3Y,Emily,Martinez,305,172,12.0,10,6,Motor Insurance,2023-02-10,2018-09-30,37,,,Quoted
318,35682.0,VF78643N,Amanda,Jones,557,989,12.0,13,3,Home Insurance,2025-08-10,2018-09-30,9,,,Referred
319,19070.0,H27QGTIF,Matthew,Smith,910,746,12.0,7,2,Motor Insurance,2021-06-25,2018-09-30,11,,,Referred
320,68701.0,BBI2U6FO,David,Miller,471,337,,8,4,Motor Insurance,2021-10-27,2018-09-30,32,,,Declined
321,30946.0,O5CAL7EK,Christopher,Brown,267,575,0.0,9,4,Life Insurance,2025-10-19,2018-09-30,20,,,Declined
322,49802.0,H1GRL2TV,David,Brown,370,918,,11,2,Pet Insurance,2021-03-31,2018-09-30,25,,2024-07-19,Referred
323,99920.0,2KXRACZC,Sarah,Martinez,292,373,12.0,13,4,Home Insurance,2025-02-10,2018-09-30,20,,,Bound
324,31335.0,OTJKGLYV,Amanda,Martinez,843,832,12.0,5,4,Motor Insurance,2020-09-20,2018-09-30,24,,,Referred
325,59876.0,88TSXQTZ,David,Martinez,792,1018,12.0,10,6,Motor Insurance,2022-11-17,2018-09-30,34,,,Referred
326,51447.0,X3RAE82I,John,Johnson,687,388,12.0,12,6,Motor Insurance,2020-03-06,2018-09-30,23,,,Declined
327,14944.0,9FZ2K930,John,Garcia,411,865,12.0,13,2,Pet Insurance,2024-10-21,2018-09-30,34,,2024-05-24,Referred
328,15092.0,FRQH4AVF,Jane,Miller,988,656,12.0,9,4,Pet Insurance,2025-07-02,2018-09-30,16,,2024-11-01,Quoted
329,98148.0,YQUN3S7E,Matthew,Jones,782,129,0.0,14,5,Life Insurance,2021-06-02,2018-09-30,26,,,Quoted
330,51211.0,KY6BFP1R,Jane,Miller,811,1037,,11,4,Home Insurance,2023-06-28,2018-09-30,14,,,Declined
331,69925.0,ENA3KU6Y,John,Davis,769,280,,6,5,Home Insurance,2022-11-16,2018-09-30,26,,,Declined
332,75653.0,54FXNNP1,Amanda,Davis,870,905,12.0,9,4,Home Insurance,2022-12-12,2018-09-30,25,,,Bound
333,39252.0,FT0HMGHB,Christopher,Smith,822,493,12.0,8,4,Pet Insurance,2025-09-18,2018-09-30,6,,,Bound
334,40699.0,OJTFVERB,Jessica,Garcia,180,494,12.0,6,3,Motor Insurance,2021-04-06,2018-09-30,10,,,Quoted
335,14208.0,RZHU2YYJ,Emily,Martinez,272,223,12.0,7,6,Motor Insurance,2023-06-24,2018-09-30,38,,,Quoted
336,18577.0,LSSKDY53,Amanda,Brown,406,791,0.0,14,4,Life Insurance,2025-03-09,2018-09-30,23,,,Declined
337,77992.0,IC0IMPXZ,John,Miller,633,723,12.0,14,6,Pet Insurance,2021-02-07,2018-09-30,38,,,Declined
338,68120.0,VJUUE9Q2,Michael,Brown,468,949,12.0,9,6,Motor Insurance,2025-07-17,2018-09-30,18,,,Quoted
339,62790.0,6VCIYYFL,Christopher,Rodriguez,487,153,0.0,14,3,Life Insurance,2020-07-11,2018-09-30,17,,,Bound
340,19015.0,NYC2GAX0,Christopher,Hernandez,381,590,12.0,5,2,Pet Insurance,2022-07-23,2018-09-30,33,,,Referred
341,30417.0,MA2PJUN2,Michael,Hernandez,752,771,12.0,10,2,Motor Insurance,2025-03-16,2018-09-30,18,,2024-12-29,Referred
342,29573.0,LVO2E908,Amanda,Smith,434,389,0.0,9,4,Life Insurance,2023-12-11,2018-09-30,28,,,Expired
343,84995.0,ZP4F1HVP,Jessica,Smith,215,900,12.0,5,3,Home Insurance,2024-11-25,2018-09-30,38,,,Declined
344,85412.0,0K5MXDUN,Jessica,Martinez,670,913,0.0,14,5,Life Insurance,2025-08-10,2018-09-30,17,,,Referred
345,37345.0,6GJ7PG38,Michael,Jones,636,201,12.0,6,6,Pet Insurance,2024-02-23,2018-09-30,16,,,Bound
346,84493.0,2FO1NU9K,John,Johnson,814,439,12.0,13,5,Motor Insurance,2022-03-19,2018-09-30,27,,,Expired
347,46024.0,94H0D1XM,Christopher,Brown,620,129,12.0,7,5,Motor Insurance,2025-04-09,2018-09-30,10,,2024-01-17,Declined
348,94318.0,NT43FC7W,Sarah,Miller,947,890,0.0,12,6,Life Insurance,2021-05-25,2018-09-30,17,,,Expired
349,98403.0,H34YJS4Q,David,Martinez,723,703,12.0,12,6,Pet Insurance,2021-01-16,2018-09-30,38,,2024-04-30,Quoted
350,38101.0,YHEVFIDX,Jessica,Hernandez,259,419,0.0,6,2,Life Insurance,2025-02-03,2018-09-30,7,,,Expired
351,75169.0,8WU1N8L1,David,Smith,389,838,12.0,6,5,Home Insurance,2025-08-14,2018-09-30,22,,,Declined
352,71423.0,O0QDKVPV,David,Brown,1055,993,12.0,14,5,Home Insurance,2021-07-05,2018-09-30,20,,,Referred
353,53340.0,VYIGM87G,Jessica,Davis,232,300,12.0,12,5,Home Insurance,2021-04-12,2018-09-30,21,,,Declined
354,47160.0,5OJUR6JI,David,Jones,437,301,0.0,7,4,Life Insurance,2021-12-12,2018-09-30,37,,,Expired
355,72112.0,KL8KMX3R,David,Johnson,851,684,,6,6,Life Insurance,2024-12-08,2018-09-30,23,,,Declined
356,39619.0,PU4D8P3G,Christopher,Rodriguez,610,1015,0.0,12,4,Life Insurance,2025-12-10,2018-09-30,30,,,Expired
357,28331.0,NB3DHSVT,David,Rodriguez,1067,261,12.0,9,6,Pet Insurance,2025-04-10,2018-09-30,22,,,Referred
358,109194.0,897C1IL7,Jane,Jones,542,551,12.0,10,3,Home Insurance,2024-09-01,2018-09-30,27,,,Referred
359,80580.0,WM4OW8S5,David,Davis,890,145,12.0,7,5,Pet Insurance,2025-05-24,2018-09-30,36,,,Declined
360,35581.0,W366K1C6,Amanda,Smith,822,556,0.0,12,4,Life Insurance,2022-03-08,2018-09-30,7,,,Bound
361,52772.0,2P5MAB62,David,Miller,113,811,12.0,9,5,Motor Insurance,2025-08-02,2018-09-30,26,,,Quoted
362,29561.0,8X170SMM,Jane,Rodriguez,341,800,,8,4,Home Insurance,2024-05-05,2018-09-30,6,,2024-02-16,Declined
363,46076.0,ATM7ZBA3,Amanda,Rodriguez,672,1092,12.0,9,2,Pet Insurance,2021-01-18,2018-09-30,7,,2024-07-06,Expired
364,26130.0,W62WC44Q,Emily,Martinez,990,545,,9,3,Pet Insurance,2024-11-02,2018-09-30,11,,,Declined
365,88899.0,11H57OQZ,Sarah,Miller,430,314,12.0,12,3,Home Insurance,2024-02-14,2018-09-30,14,,,Referred
366,40478.0,BORA0ZK6,Matthew,Hernandez,1071,385,12.0,12,5,Home Insurance,2022-06-16,2018-09-30,41,,2024-09-12,Expired
367,23522.0,BPG89B28,Emily,Davis,116,571,12.0,13,5,Pet Insurance,2021-10-07,2018-09-30,10,,,Expired
368,31726.0,UCE01TP3,Matthew,Jones,998,907,0.0,11,5,Life Insurance,2024-11-09,2018-09-30,13,,,Quoted
369,62522.0,A080F7LT,Jane,Martinez,938,768,,10,2,Life Insurance,2023-11-23,2018-09-30,31,,,Bound
370,96328.0,L8ZCA6R7,Amanda,Davis,674,123,12.0,13,3,Motor Insurance,2024-08-28,2018-09-30,22,,,Bound
371,42795.0,IBCZRIF5,Jessica,Brown,859,718,12.0,11,5,Motor Insurance,2025-01-10,2018-09-30,28,,,Referred
372,89450.0,8L7P6WGH,Michael,Davis,201,363,12.0,10,2,Home Insurance,2025-05-11,2018-09-30,7,,,Bound
373,103880.0,P407Q5N3,Emily,Davis,332,703,,5,4,Home Insurance,2025-12-26,2018-09-30,19,,,Bound
374,26398.0,JI7JC2F6,Emily,Rodriguez,282,524,12.0,9,4,Home Insurance,2021-05-16,2018-09-30,24,,,Declined
375,92856.0,TNBW8M95,Amanda,Smith,666,183,12.0,10,4,Pet Insurance,2025-11-08,2018-09-30,37,,2024-12-12,Declined
376,71135.0,T87VIPPP,Sarah,Smith,707,1096,12.0,10,4,Motor Insurance,2023-05-11,2018-09-30,27,,,Quoted
377,29257.0,M5GDNH4R,John,Smith,364,545,,10,2,Pet Insurance,2022-09-24,2018-09-30,9,,,Referred
378,103242.0,SD2T17G0,Michael,Martinez,653,728,12.0,11,3,Pet Insurance,2020-10-28,2018-09-30,22,,,Expired
379,60295.0,WS89WUJY,Amanda,Brown,967,469,12.0,13,3,Home Insurance,2022-09-24,2018-09-30,10,,,Declined
380,71994.0,CYOGL0UM,John,Johnson,1008,399,,9,4,Home Insurance,2023-05-03,2018-09-30,29,,,Expired
381,75828.0,1ALCFFHY,Amanda,Johnson,139,866,12.0,8,6,Motor Insurance,2024-09-16,2018-09-30,17,,,Expired
382,81001.0,S69B4NAR,Christopher,Johnson,200,808,0.0,8,5,Life Insurance,2022-06-04,2018-09-30,36,,,Quoted
383,64937.0,SB3O331I,Michael,Davis,330,702,12.0,11,6,Pet Insurance,2022-10-01,2018-09-30,9,,,Referred
384,55444.0,BPYXKR8D,David,Brown,968,368,,9,6,Home Insurance,2021-05-03,2018-09-30,24,,,Bound
385,42071.0,FCMIR8DA,David,Rodriguez,1086,490,12.0,7,6,Home Insurance,2021-12-29,2018-11-01,41,,,Quoted
386,18582.0,ZTINLT4E,Jane,Brown,881,166,0.0,9,5,Life Insurance,2022-07-16,2018-11-01,20,,,Declined
387,19142.0,DA222UY6,Matthew,Davis,242,467,12.0,9,4,Motor Insurance,2020-03-30,2018-11-01,29,,,Bound
388,55097.0,6OFVBS18,Jessica,Rodriguez,580,1054,,7,3,Motor Insurance,2022-06-14,2018-11-01,33,,,Declined
389,40710.0,0EXQMVOC,Jessica,Johnson,895,1061,12.0,10,3,Pet Insurance,2022-01-22,2018-11-01,28,,,Referred
390,62191.0,3ORFHSN6,Sarah,Rodriguez,966,661,0.0,14,2,Life Insurance,2025-12-21,2018-11-01,35,,,Expired
391,19757.0,PJG9M380,Michael,Hernandez,927,534,,9,4,Life Insurance,2024-10-17,2018-11-01,13,,2024-03-03,Quoted
392,15193.0,05UYGLDS,Matthew,Smith,226,455,12.0,8,4,Pet Insurance,2024-06-25,2018-11-01,33,,2024-08-29,Referred
393,20311.0,QPS2G3AO,Michael,Brown,1083,906,12.0,11,3,Pet Insurance,2023-03-05,2018-11-01,39,,,Expired
394,23461.0,YHFAWQCN,Jane,Hernandez,476,280,0.0,10,2,Life Insurance,2024-11-12,2018-11-01,11,,,Referred
395,60136.0,TOEFO5YU,Jessica,Johnson,317,842,0.0,7,6,Life Insurance,2022-02-10,2018-11-01,34,,,Expired
396,80136.0,W2R4JHB9,Jessica,Jones,474,448,12.0,8,3,Pet Insurance,2020-09-11,2018-11-01,28,,,Declined
397,78382.0,FAVFTWRB,Amanda,Garcia,313,591,12.0,9,2,Home Insurance,2022-12-16,2018-11-01,25,,,Referred
398,57755.0,S9KRYT7H,Matthew,Smith,479,437,12.0,8,2,Motor Insurance,2025-01-25,2018-11-01,10,,2024-06-20,Expired
399,21943.0,42LG6R6O,David,Hernandez,240,859,0.0,10,6,Life Insurance,2025-06-08,2018-11-01,7,,2024-03-28,Declined
400,29556.0,5C14C0QV,David,Rodriguez,1028,836,12.0,14,2,Motor Insurance,2024-03-09,2018-11-01,11,,,Bound
401,87129.0,FTI7V0LK,Jane,Brown,535,876,12.0,10,2,Pet Insurance,2025-10-17,2018-11-01,36,,,Expired
402,87335.0,20U4UEA8,Jane,Miller,822,790,12.0,13,5,Motor Insurance,2023-07-29,2018-11-01,35,,,Referred
403,39618.0,FA1XP1VY,Emily,Smith,864,903,12.0,13,2,Pet Insurance,2023-09-19,2018-11-01,37,,,Quoted
404,13044.0,LO33WU9E,Matthew,Martinez,756,155,,10,2,Life Insurance,2020-05-29,2018-11-01,30,,2024-12-02,Quoted
405,82688.0,BM2RDOK8,Jessica,Smith,185,631,0.0,13,3,Life Insurance,2025-05-25,2018-11-01,13,,,Referred
406,52387.0,XK16NNLW,Jessica,Miller,824,615,0.0,6,4,Life Insurance,2023-04-02,2018-11-01,13,,,Referred
407,10102.0,SJ4IMDW2,Michael,Hernandez,208,145,,5,2,Home Insurance,2021-05-01,2018-11-01,21,,,Expired
408,60824.0,7JPGOVSM,Sarah,Rodriguez,366,655,12.0,9,2,Motor Insurance,2022-11-16,2018-11-01,30,,,Referred
409,101466.0,ICT0Q48X,Sarah,Hernandez,197,779,12.0,6,5,Pet Insurance,2021-11-26,2018-11-01,9,,,Expired
410,74848.0,2KEISI5G,Jessica,Johnson,396,915,12.0,12,3,Motor Insurance,2022-06-04,2018-11-01,21,,,Referred
411,92257.0,ZL5XEA0L,Sarah,Brown,178,213,12.0,13,2,Pet Insurance,2023-03-29,2018-11-01,12,,2024-03-15,Declined
412,30849.0,4NNBVXCM,David,Brown,1037,562,12.0,6,4,Motor Insurance,2025-02-04,2018-11-01,25,,2024-10-19,Bound
413,52790.0,4VBNYOX4,Emily,Davis,833,540,,13,6,Motor Insurance,2020-09-29,2018-11-01,14,,,Quoted
414,67320.0,0DZJOGPT,Emily,Davis,791,417,0.0,6,5,Life Insurance,2022-04-05,2018-11-01,23,,,Bound
415,105567.0,GBVWIPX7,Emily,Garcia,1078,407,12.0,8,4,Pet Insurance,2020-07-01,2018-11-01,10,,2024-05-31,Quoted
416,77102.0,HJ5YCZIC,Michael,Johnson,873,304,12.0,10,3,Motor Insurance,2021-04-06,2018-11-01,27,,,Quoted
417,88751.0,3SEBKK26,Jessica,Davis,1020,1086,12.0,12,3,Motor Insurance,2023-07-27,2018-11-01,34,,2024-12-30,Quoted
418,98881.0,NNUL8AR6,Jane,Hernandez,854,994,12.0,6,3,Motor Insurance,2022-04-22,2018-11-01,33,,,Expired
419,105172.0,XO4TJH66,Emily,Garcia,395,1070,0.0,7,4,Life Insurance,2025-01-19,2018-11-01,23,,,Referred
420,85967.0,OFJJMEMJ,Amanda,Brown,798,961,0.0,10,6,Life Insurance,2024-03-06,2018-11-01,6,,,Referred
421,81804.0,OH7IIBUU,Matthew,Brown,582,846,12.0,5,6,Motor Insurance,2021-06-04,2018-11-01,18,,,Expired
422,89816.0,CWQCF5TG,Sarah,Martinez,772,324,,12,3,Motor Insurance,2020-12-04,2018-11-01,32,,,Declined
423,64603.0,XBSINUIO,Michael,Johnson,664,746,12.0,7,5,Motor Insurance,2025-12-18,2018-11-01,38,,,Declined
424,12028.0,C31U3F0S,Christopher,Martinez,631,818,0.0,12,2,Life Insurance,2021-05-14,2018-11-01,37,,,Declined
425,68873.0,0V1QYF39,Matthew,Smith,984,702,12.0,13,2,Pet Insurance,2020-03-25,2018-11-01,36,,,Referred
426,78037.0,3LSNB94N,Christopher,Brown,471,701,12.0,6,2,Pet Insurance,2025-07-15,2018-11-01,17,,,Declined
427,20922.0,UC7SE1QC,David,Garcia,513,367,,6,4,Life Insurance,2024-10-07,2018-11-01,22,,,Declined
428,57444.0,SN2GEEIG,Christopher,Smith,884,612,12.0,10,5,Home Insurance,2024-09-15,2018-11-01,31,,,Expired
429,82141.0,EVJW9LD0,Amanda,Brown,502,618,12.0,7,6,Home Insurance,2023-02-22,2018-11-01,41,,2024-05-07,Declined
430,56068.0,8K024UKE,Matthew,Jones,396,137,12.0,12,2,Home Insurance,2025-08-21,2018-11-01,7,,,Referred
431,104717.0,8PL45JEY,Christopher,Jones,401,427,,11,5,Motor Insurance,2024-07-11,2018-11-01,8,,,Expired
432,91638.0,S6H0N81C,Emily,Hernandez,139,385,12.0,13,2,Home Insurance,2023-02-17,2018-11-01,6,,,Declined
433,95946.0,5X2XMFO0,Sarah,Martinez,548,285,12.0,6,6,Motor Insurance,2021-03-09,2018-11-01,11,,,Referred
434,68363.0,N5HBI3XL,Jane,Garcia,1046,696,,13,5,Home Insurance,2023-07-29,2018-11-01,6,,,Referred
435,20486.0,172ZQBSV,David,Jones,211,644,12.0,10,4,Home Insurance,2022-11-01,2018-11-01,15,,,Bound
436,63286.0,38V9Z49T,Sarah,Miller,658,654,12.0,7,3,Motor Insurance,2025-11-13,2018-11-01,18,,,Bound
437,76048.0,1GUGCAYE,Sarah,Rodriguez,854,992,12.0,5,6,Home Insurance,2021-12-14,2018-11-01,31,,,Expired
438,76566.0,54QDXOEO,David,Jones,664,545,12.0,12,3,Motor Insurance,2020-12-02,2018-11-01,17,,,Declined
439,49816.0,U91I1OWK,John,Rodriguez,199,187,12.0,6,3,Pet Insurance,2021-12-22,2018-11-01,29,,,Bound
440,11689.0,HS8V5U07,David,Rodriguez,832,1057,12.0,14,2,Motor Insurance,2020-08-07,2018-11-01,25,,,Referred
441,88034.0,8XK2HCYO,David,Rodriguez,213,211,0.0,13,2,Life Insurance,2021-01-30,2018-11-01,10,,,Expired
442,81042.0,V8GDUXD8,Christopher,Davis,759,628,,10,5,Pet Insurance,2024-08-20,2018-11-01,40,,,Bound
443,69930.0,33F0P8QK,Matthew,Davis,704,976,0.0,6,2,Life Insurance,2023-01-14,2018-11-01,18,,,Expired
444,85273.0,J40P1B4F,Sarah,Smith,301,828,12.0,14,5,Home Insurance,2021-05-08,2018-11-01,14,,,Quoted
445,87245.0,1IYSPDBY,Christopher,Davis,713,508,12.0,14,6,Motor Insurance,2022-07-07,2018-11-01,26,,2024-08-06,Quoted
446,86713.0,DTLBZX92,David,Miller,967,495,12.0,8,4,Home Insurance,2022-10-06,2018-11-01,36,,,Declined
447,85385.0,JXF53OWL,Christopher,Johnson,847,852,12.0,8,2,Pet Insurance,2022-12-15,2018-11-01,24,,,Bound
448,95619.0,2MVPKP32,David,Jones,714,202,0.0,13,2,Life Insurance,2022-12-29,2018-11-01,17,,,Expired
449,43009.0,QE489TXS,Christopher,Brown,371,590,0.0,11,5,Life Insurance,2020-04-26,2018-11-01,9,,,Declined
450,41084.0,4YT79GZW,Jane,Smith,1092,1095,12.0,10,4,Motor Insurance,2020-10-24,2018-11-01,28,,,Expired
451,51582.0,EIQACEF8,Jessica,Jones,200,1039,,10,5,Pet Insurance,2021-01-16,2018-11-01,38,,,Bound
452,40084.0,F7M92S9J,Sarah,Brown,432,553,,5,4,Motor Insurance,2020-10-27,2018-11-01,23,,,Referred
453,41305.0,3N7XW59G,Jessica,Brown,719,180,12.0,8,3,Motor Insurance,2023-09-28,2018-11-01,34,,,Referred
454,70448.0,XTNELI5N,Sarah,Garcia,279,717,12.0,10,2,Home Insurance,2021-10-12,2018-11-01,10,,2024-02-17,Expired
455,17160.0,L89MFFG5,Matthew,Martinez,238,1026,12.0,9,5,Home Insurance,2024-11-27,2018-11-01,36,,,Referred
456,75568.0,CMQ49OO8,David,Rodriguez,289,545,12.0,9,4,Motor Insurance,2020-09-14,2018-11-01,8,,,Expired
457,57823.0,1UC9ZMCA,David,Davis,645,1068,12.0,9,3,Pet Insurance,2022-03-31,2018-11-01,27,,2024-01-21,Declined
458,33663.0,C999399X,John,Smith,259,578,,12,5,Motor Insurance,2022-08-14,2018-11-01,36,,2024-04-14,Referred
459,17363.0,ZN5PCVH7,Emily,Brown,343,701,12.0,12,2,Pet Insurance,2023-05-22,2018-11-01,27,,,Quoted
460,26149.0,B3I6DQ3M,Emily,Jones,713,690,12.0,6,3,Pet Insurance,2023-06-17,2018-11-01,24,,,Quoted
461,36684.0,3PO1H7KH,Jane,Martinez,917,452,12.0,7,2,Home Insurance,2021-02-18,2018-11-01,11,,,Bound
462,42999.0,IXE6ZBL6,John,Smith,276,832,12.0,14,4,Motor Insurance,2020-08-23,2018-11-01,28,,,Referred
463,50351.0,HNO2LFR7,David,Johnson,708,580,12.0,8,4,Motor Insurance,2025-10-15,2018-11-01,13,,,Referred
464,102555.0,86GMXRLP,Michael,Miller,746,273,12.0,5,3,Pet Insurance,2022-11-13,2018-11-01,19,,,Declined
465,10129.0,PQ9RLO4U,David,Hernandez,442,146,,14,2,Life Insurance,2020-06-06,2018-11-01,24,,,Bound
466,103514.0,FP3LFAD6,Jessica,Jones,1097,1091,0.0,6,2,Life Insurance,2023-10-23,2018-11-01,38,,,Expired
467,98892.0,XWH7P1U6,David,Miller,974,1088,12.0,13,3,Pet Insurance,2023-08-19,2018-11-01,35,,,Bound
468,18933.0,IHTPIG72,Emily,Hernandez,1043,1042,12.0,12,2,Home Insurance,2025-01-23,2018-11-01,25,,,Quoted
469,103103.0,PNDYKNCL,Emily,Martinez,988,155,12.0,10,2,Pet Insurance,2021-03-05,2018-11-01,38,,,Declined
470,24287.0,QTVR8MTY,Emily,Garcia,587,312,12.0,6,4,Pet Insurance,2020-05-29,2018-11-01,22,,,Quoted
471,12545.0,NH8852FL,Christopher,Johnson,690,591,0.0,13,5,Life Insurance,2021-03-29,2018-11-01,8,,,Bound
472,27175.0,IEG3TBF4,Christopher,Davis,948,523,,8,5,Home Insurance,2024-11-23,2018-11-01,40,,,Bound
473,19539.0,3X3GQURG,John,Hernandez,501,636,0.0,13,6,Life Insurance,2024-08-05,2018-11-01,16,,,Bound
474,64377.0,6YX9X6SG,David,Jones,701,886,12.0,13,6,Motor Insurance,2021-02-06,2018-11-01,25,,,Expired
475,24977.0,1VW6ITJS,Amanda,Johnson,399,523,12.0,8,3,Pet Insurance,2020-10-05,2018-11-01,25,,,Declined
476,47705.0,OCO805II,Matthew,Miller,619,467,12.0,6,6,Pet Insurance,2022-07-23,2018-11-01,7,,,Expired
477,100370.0,TZS8EXRT,Emily,Johnson,792,999,,7,5,Pet Insurance,2020-03-22,2018-11-01,31,,,Bound
478,103531.0,8AA0ZPWL,Michael,Jones,740,188,,14,2,Home Insurance,2023-05-14,2018-11-01,17,,,Quoted
479,60459.0,L8EHKZ8T,David,Brown,432,610,12.0,7,3,Motor Insurance,2022-11-15,2018-11-01,8,,,Referred
480,97664.0,3BHNHURP,Jane,Johnson,620,243,12.0,13,4,Home Insurance,2025-10-10,2018-11-01,37,,,Bound
481,27676.0,QK8DU2CI,Amanda,Johnson,463,810,12.0,13,2,Home Insurance,2022-09-20,2018-11-01,10,,,Expired
482,63674.0,HRUBNQ7X,Emily,Brown,254,110,12.0,9,5,Motor Insurance,2020-10-15,2018-11-01,20,,,Bound
483,45548.0,3JZ77WDH,John,Brown,513,174,0.0,5,5,Life Insurance,2020-11-08,2018-11-01,22,,,Expired
484,45457.0,7MBLK0AV,Christopher,Martinez,790,117,0.0,14,2,Life Insurance,2020-12-19,2018-11-01,26,,,Bound
485,69063.0,7L7EMY31,John,Brown,772,476,12.0,12,6,Home Insurance,2025-09-25,2018-11-01,23,,,Declined
486,88227.0,MWYL0IH7,John,Garcia,568,970,,9,2,Home Insurance,2020-02-27,2018-11-01,28,,,Quoted
487,68566.0,AB04Q8E6,Amanda,Brown,793,187,12.0,6,6,Home Insurance,2020-09-17,2018-11-01,29,,,Bound
488,42105.0,85I5RRO0,David,Garcia,697,374,,6,5,Home Insurance,2025-07-27,2018-11-01,32,,2024-09-07,Expired
489,74739.0,ICMQ14ZK,Sarah,Garcia,210,274,,13,4,Home Insurance,2025-01-05,2018-11-01,6,,,Referred
490,33620.0,4DD7XPA4,Jessica,Hernandez,638,351,0.0,13,6,Life Insurance,2020-01-27,2018-11-01,34,,,Declined
491,52867.0,KY6S9R5K,Jessica,Smith,737,1068,0.0,12,2,Life Insurance,2023-11-21,2018-11-01,31,,,Quoted
492,28579.0,CEKF3FIT,John,Davis,191,946,12.0,12,6,Home Insurance,2023-12-31,2018-11-01,21,,,Expired
493,101332.0,LT4KYGVU,David,Martinez,989,349,12.0,9,3,Home Insurance,2021-02-14,2018-11-01,23,,,Declined
494,68523.0,E4FPUHV6,Michael,Garcia,514,1095,0.0,14,3,Life Insurance,2022-06-16,2018-11-01,29,,,Referred
495,41471.0,1FWXVU5T,Emily,Rodriguez,772,626,12.0,10,6,Pet Insurance,2021-04-24,2018-11-01,37,,,Referred
496,15544.0,4NZI512Q,Emily,Garcia,179,635,,7,5,Home Insurance,2020-10-13,2018-11-01,24,,,Bound
497,77473.0,LVCPV48R,Michael,Brown,208,509,12.0,12,5,Home Insurance,2024-07-29,2018-11-01,38,,,Referred
498,24771.0,RVT1X0XV,Matthew,Johnson,613,304,12.0,5,3,Home Insurance,2020-02-07,2018-11-01,11,,,Declined
499,51497.0,7SEZI7FP,Michael,Davis,725,713,12.0,5,6,Pet Insurance,2025-12-16,2018-11-01,40,,,Quoted
500,65864.0,3F7F3GGA,David,Jones,276,897,,6,2,Life Insurance,2021-11-22,2018-11-01,11,,,Declined
501,74449.0,IWQ202G5,Amanda,Martinez,111,487,12.0,11,2,Home Insurance,2023-06-13,2018-11-01,37,,,Bound
502,53417.0,8WSAYDXC,David,Davis,857,840,,13,3,Motor Insurance,2020-08-09,2018-11-01,34,,2024-04-07,Bound
503,52420.0,PRADG4CK,Emily,Miller,145,683,12.0,14,3,Home Insurance,2022-08-03,2018-11-01,39,,,Referred
504,89297.0,TG0P6RC5,John,Miller,614,669,,6,3,Life Insurance,2022-06-24,2018-11-01,7,,,Referred
505,30511.0,TLXDMNEX,John,Rodriguez,997,220,12.0,13,3,Pet Insurance,2021-05-13,2018-11-01,23,,,Bound
506,45615.0,SH6PI03N,Jessica,Rodriguez,745,879,12.0,7,4,Pet Insurance,2020-02-20,2018-12-01,37,,,Referred
507,86561.0,6EUWJRPG,Michael,Rodriguez,198,377,0.0,9,4,Life Insurance,2022-06-15,2018-12-01,19,,,Bound
508,14434.0,SQ5LBXYN,Matthew,Rodriguez,178,602,,9,2,Life Insurance,2025-09-29,2018-12-01,7,,,Bound
509,51277.0,ZUKHXSFB,Jessica,Rodriguez,539,428,,10,4,Home Insurance,2025-03-04,2018-12-01,24,,,Bound
510,61432.0,6LLO3J3X,Sarah,Garcia,134,435,12.0,13,5,Pet Insurance,2020-04-28,2018-12-01,13,,,Referred
511,69152.0,ROZK6KTN,Michael,Martinez,943,491,12.0,11,2,Motor Insurance,2025-07-04,2018-12-01,16,,,Expired
512,94794.0,142X211W,Michael,Brown,817,453,0.0,9,2,Life Insurance,2023-05-09,2018-12-01,18,,,Declined
513,43651.0,H7JQKFZ3,Michael,Garcia,307,1055,12.0,7,4,Home Insurance,2021-01-08,2018-12-01,41,,,Quoted
514,88987.0,BS0K23RQ,Matthew,Rodriguez,680,200,,5,4,Home Insurance,2024-11-18,2018-12-01,12,,,Referred
515,102300.0,8N7VRMBW,Amanda,Davis,287,801,12.0,8,5,Home Insurance,2020-07-17,2018-12-01,13,,,Quoted
516,94693.0,XQMD8BPI,Matthew,Johnson,886,360,,5,2,Home Insurance,2020-07-19,2018-12-01,39,,,Bound
517,41961.0,D6XWYAVJ,John,Davis,847,193,0.0,13,4,Life Insurance,2020-10-13,2018-12-01,29,,,Bound
518,58291.0,LP3LXCG8,David,Brown,1021,412,12.0,8,2,Motor Insurance,2023-08-11,2018-12-01,27,,,Bound
519,59560.0,TNPZOVJ8,Amanda,Davis,1032,847,12.0,11,4,Pet Insurance,2024-08-02,2018-12-01,14,,,Expired
520,53275.0,GM8IN952,Michael,Johnson,936,651,12.0,7,6,Home Insurance,2025-06-07,2018-12-01,10,,,Referred
521,25003.0,NOTPH3R5,John,Brown,486,838,12.0,9,4,Home Insurance,2024-04-06,2018-12-01,18,,,Referred
522,33170.0,UDLRBHFP,Emily,Hernandez,559,842,,9,2,Motor Insurance,2024-12-18,2018-12-01,33,,,Bound
523,104735.0,WGZ50VYB,Michael,Martinez,130,167,12.0,7,3,Pet Insurance,2025-04-18,2018-12-01,9,,,Referred
524,96749.0,FWDW3G9Q,Emily,Miller,747,664,0.0,9,2,Life Insurance,2020-12-02,2018-12-01,11,,,Referred
525,27427.0,VKF2XSG4,Matthew,Miller,878,326,12.0,11,3,Home Insurance,2024-07-09,2018-12-01,31,,,Expired
526,78018.0,6JS4PFAE,Christopher,Miller,212,150,12.0,10,3,Home Insurance,2025-05-16,2018-12-01,31,,,Declined
527,23923.0,R3DIOCOW,John,Garcia,688,410,12.0,10,6,Pet Insurance,2021-10-22,2018-12-01,15,,,Expired
528,33306.0,LWWXVNWZ,Michael,Brown,870,499,,5,6,Motor Insurance,2022-12-14,2018-12-01,24,,,Expired
529,71273.0,SS46RQEG,Michael,Jones,1062,610,12.0,8,3,Pet Insurance,2023-11-13,2018-12-01,24,,,Bound
530,44810.0,YJM4ARY6,Jane,Garcia,123,827,12.0,8,4,Home Insurance,2022-11-02,2018-12-01,31,,,Referred
531,42229.0,GMD8IKYV,Jane,Garcia,515,470,12.0,7,4,Pet Insurance,2022-04-24,2018-12-01,19,,,Referred
532,85105.0,MQN5S7N2,Jessica,Brown,1006,860,12.0,14,4,Home Insurance,2023-04-11,2018-12-01,32,,2024-05-26,Declined
533,90768.0,5YKFIRLF,Christopher,Rodriguez,570,808,0.0,5,2,Life Insurance,2020-04-21,2018-12-01,13,,,Expired
534,40903.0,TJD0RUIA,Amanda,Davis,704,295,0.0,10,3,Life Insurance,2024-03-26,2018-12-01,12,,,Declined
535,66986.0,321PTN6T,Matthew,Smith,1098,964,,13,6,Pet Insurance,2023-05-06,2018-12-01,9,,,Bound
536,18994.0,CQDQI3KD,David,Rodriguez,980,709,12.0,5,4,Motor Insurance,2021-05-09,2018-12-01,31,,,Referred
537,96371.0,NJ6OOIFT,Jessica,Rodriguez,172,596,12.0,8,6,Home Insurance,2020-08-11,2018-12-01,39,,,Declined
538,105054.0,VYI154RX,David,Miller,380,405,,13,6,Motor Insurance,2020-08-19,2018-12-01,29,,,Referred
539,89286.0,O878HPY1,John,Miller,1062,106,0.0,7,4,Life Insurance,2023-02-24,2018-12-01,11,,,Expired
540,74300.0,XB1YRNTC,Emily,Rodriguez,876,897,12.0,6,2,Motor Insurance,2023-08-02,2018-12-01,23,,,Referred
541,107608.0,9E1P93W4,Emily,Smith,700,560,12.0,10,4,Motor Insurance,2023-08-09,2018-12-01,14,,2024-01-08,Expired
542,25152.0,RDJLPBLP,Jessica,Hernandez,980,116,,12,6,Pet Insurance,2025-12-08,2018-12-01,14,,,Expired
543,12858.0,TAL63IYF,Matthew,Rodriguez,613,690,12.0,5,6,Motor Insurance,2024-11-23,2018-12-01,33,,,Quoted
544,27545.0,6F1OOMIQ,Michael,Hernandez,1083,175,12.0,9,2,Home Insurance,2021-04-07,2018-12-01,16,,,Expired
545,84964.0,XB91YR6J,John,Johnson,504,1085,0.0,5,6,Life Insurance,2021-12-07,2018-12-01,14,,,Quoted
546,100055.0,UIOYYQQD,Jane,Miller,1002,604,12.0,14,4,Pet Insurance,2022-10-05,2018-12-01,14,,,Declined
547,31758.0,D4LWCZYM,Jessica,Miller,325,673,12.0,5,3,Home Insurance,2023-10-17,2018-12-01,7,,,Bound
548,67770.0,ABR9UI08,Jane,Jones,260,802,12.0,6,6,Home Insurance,2025-03-13,2018-12-01,16,,,Quoted
549,33370.0,NYIZCUXX,Jane,Martinez,379,941,12.0,7,3,Pet Insurance,2025-02-02,2018-12-01,28,,,Expired
550,95008.0,0QFC81B4,Emily,Smith,735,442,12.0,6,2,Motor Insurance,2020-05-23,2018-12-01,20,,,Expired
551,103035.0,CPG3ZRU9,Christopher,Smith,792,677,12.0,10,6,Motor Insurance,2021-04-22,2018-12-01,36,,,Quoted
552,25416.0,WQMPITIR,Jane,Miller,174,515,0.0,13,6,Life Insurance,2021-05-20,2018-12-01,36,,,Quoted
553,86991.0,AVM0CEH1,Jane,Martinez,941,188,12.0,13,2,Motor Insurance,2021-10-10,2018-12-01,38,,,Quoted
554,38336.0,HM7I0PW4,Matthew,Rodriguez,120,396,,11,2,Home Insurance,2025-09-11,2018-12-01,28,,,Referred
555,58737.0,U11637XC,Michael,Rodriguez,179,191,12.0,10,6,Motor Insurance,2020-10-07,2018-12-01,10,,2024-09-23,Declined
556,20987.0,QNYEAYDA,John,Miller,644,525,12.0,12,2,Motor Insurance,2022-09-10,2018-12-01,39,,,Referred
557,40983.0,I5EQ9CPY,David,Brown,707,701,,11,3,Motor Insurance,2022-09-19,2018-12-01,15,,,Expired
558,87264.0,EM1M4W8E,Jane,Brown,936,236,0.0,9,3,Life Insurance,2025-09-25,2018-12-01,28,,,Quoted
559,79667.0,4YL9MZA0,Matthew,Martinez,185,839,12.0,11,2,Pet Insurance,2022-01-11,2018-12-01,32,,,Expired
560,95224.0,WNW4F9GP,Jane,Jones,786,969,,7,4,Home Insurance,2021-09-20,2018-12-01,7,,,Quoted
561,58779.0,EQYR2LVS,Jessica,Brown,524,667,0.0,7,2,Life Insurance,2020-01-09,2018-12-01,25,,,Declined
562,80501.0,NA7Q0BUI,Christopher,Smith,365,635,12.0,5,4,Home Insurance,2021-03-28,2018-12-01,32,,,Referred
563,39438.0,25AYT7LC,Jane,Garcia,1031,986,,9,2,Motor Insurance,2022-06-21,2018-12-01,14,,,Bound
564,38662.0,RIUA6CDE,Amanda,Davis,686,650,0.0,10,3,Life Insurance,2023-09-04,2018-12-01,38,,,Expired
565,16084.0,M8B78LPR,Jane,Garcia,415,471,0.0,12,4,Life Insurance,2024-02-10,2018-12-01,39,,,Expired
566,73269.0,NA7AB5A6,Michael,Hernandez,886,240,12.0,5,6,Pet Insurance,2023-08-15,2018-12-01,33,,,Expired
567,93361.0,LNADJX69,Sarah,Hernandez,181,344,12.0,7,2,Pet Insurance,2023-06-16,2018-12-01,10,,,Referred
568,69262.0,JGNNDALD,John,Jones,584,623,12.0,14,4,Home Insurance,2022-02-02,2018-12-01,21,,,Referred
569,101446.0,1ZQ2ZWZ7,Christopher,Brown,762,1071,,9,6,Motor Insurance,2020-04-22,2018-12-01,39,,2024-05-03,Expired
570,10503.0,MNCUM8E9,Jane,Jones,854,220,12.0,6,3,Pet Insurance,2022-10-31,2018-12-01,13,,,Declined
571,91254.0,GN8CF5G2,Amanda,Garcia,1016,366,12.0,12,4,Motor Insurance,2025-05-04,2018-12-01,35,,2024-01-19,Declined
572,68785.0,LXXH13E2,Michael,Jones,1063,873,12.0,12,5,Home Insurance,2025-08-18,2018-12-01,36,,,Referred
573,38149.0,6IWUU5WX,Michael,Martinez,618,263,12.0,11,4,Motor Insurance,2021-08-04,2018-12-01,18,,,Quoted
574,101027.0,XGDCP98N,David,Jones,602,179,12.0,14,4,Motor Insurance,2025-06-26,2018-12-01,38,,2024-10-09,Quoted
575,77162.0,HKXEGYGX,David,Davis,771,825,12.0,5,2,Pet Insurance,2025-10-13,2018-12-01,37,,,Quoted
576,52596.0,L61YALVY,John,Smith,891,932,12.0,5,2,Motor Insurance,2023-11-04,2018-12-01,35,,,Declined
577,44408.0,NKYHDKWF,John,Jones,826,643,12.0,5,4,Home Insurance,2025-06-22,2018-12-01,15,,2024-04-04,Bound
578,82724.0,CWSYKMXT,Emily,Johnson,109,325,12.0,7,6,Motor Insurance,2024-11-29,2018-12-01,38,,,Bound
579,97720.0,Q6JNJH03,Jane,Hernandez,689,874,0.0,11,5,Life Insurance,2024-12-05,2018-12-01,10,,,Referred
580,79831.0,W47WACBA,Jane,Miller,418,1050,,14,3,Pet Insurance,2022-06-12,2018-12-01,8,,,Declined
581,22928.0,ZXKB35NW,Jessica,Johnson,506,209,12.0,10,4,Home Insurance,2024-10-20,2018-12-01,33,,,Declined
582,39772.0,5RUCVR8B,John,Brown,149,892,12.0,13,3,Motor Insurance,2020-09-17,2018-12-01,28,,,Bound
583,102437.0,KIIUR398,Jane,Brown,876,567,12.0,9,3,Pet Insurance,2020-02-17,2018-12-01,24,,,Expired
584,85006.0,TXS8S916,Jessica,Miller,277,660,12.0,7,5,Home Insurance,2025-11-22,2018-12-01,8,,,Quoted
585,56338.0,VVPSLNYJ,David,Hernandez,566,682,,6,2,Pet Insurance,2020-09-21,2018-12-01,30,,,Expired
586,54498.0,ZMEDFY13,John,Miller,863,378,12.0,14,4,Motor Insurance,2023-06-22,2018-12-01,31,,,Quoted
587,62816.0,0ZJFCIN4,Emily,Brown,905,1053,12.0,11,6,Pet Insurance,2025-08-21,2018-12-01,25,,,Referred
588,37680.0,TBDO6XGA,John,Martinez,776,276,12.0,8,5,Motor Insurance,2021-09-25,2018-12-01,23,,,Quoted
589,92456.0,00E915OE,Amanda,Martinez,523,392,0.0,9,5,Life Insurance,2020-11-02,2018-12-01,35,,,Bound
590,34718.0,0654TR2N,Matthew,Martinez,598,212,12.0,7,4,Motor Insurance,2021-09-18,2018-12-01,14,,,Quoted
591,72868.0,G19C45ZW,Amanda,Hernandez,389,856,12.0,14,5,Pet Insurance,2021-12-21,2018-12-01,9,,,Referred
592,79326.0,YJO8AD8E,John,Garcia,380,463,0.0,5,3,Life Insurance,2024-05-09,2018-12-01,26,,,Quoted
593,79202.0,AHN8N3SB,Amanda,Rodriguez,708,679,12.0,7,4,Home Insurance,2022-08-09,2018-12-01,21,,,Expired
594,69034.0,GOWC7V9M,Sarah,Garcia,878,409,0.0,6,2,Life Insurance,2021-12-10,2018-12-01,28,,,Bound
595,104564.0,5SLGYRDS,Sarah,Garcia,868,1073,,11,2,Life Insurance,2024-05-15,2018-12-01,30,,,Referred
596,25882.0,QVNMIT8C,Jessica,Davis,398,736,12.0,13,2,Home Insurance,2023-05-21,2018-12-01,20,,,Quoted
597,61982.0,MOC750TU,Christopher,Miller,744,493,12.0,9,3,Pet Insurance,2025-10-28,2018-12-01,20,,,Declined
598,65311.0,8NIS6SD7,Matthew,Garcia,862,746,0.0,10,5,Life Insurance,2024-07-17,2018-12-01,6,,,Referred
599,20801.0,AMAL9S10,Amanda,Jones,1035,929,12.0,12,6,Motor Insurance,2025-08-18,2018-12-01,38,,,Referred
600,68713.0,LO70ATLU,Emily,Davis,713,971,,9,3,Pet Insurance,2020-01-14,2018-12-01,31,,,Quoted
601,17928.0,04CGHJHI,Christopher,Brown,658,1002,0.0,11,6,Life Insurance,2022-06-20,2018-12-01,12,,,Referred
602,14579.0,JGWLWHBN,Amanda,Jones,988,881,12.0,11,5,Pet Insurance,2021-12-14,2018-12-01,22,,,Quoted
603,31992.0,H62YSEW6,Jane,Hernandez,733,469,12.0,13,3,Home Insurance,2022-12-03,2018-12-01,25,,,Quoted
604,55204.0,Q1LRL68H,Amanda,Brown,973,371,,13,6,Life Insurance,2023-11-02,2018-12-01,39,,,Bound
605,50414.0,ZP7Q4FPB,Sarah,Davis,374,444,,13,3,Home Insurance,2021-12-22,2018-12-01,28,,,Referred
606,79653.0,A1FC07H0,Christopher,Johnson,923,951,0.0,9,5,Life Insurance,2023-05-16,2018-12-01,35,,,Referred
607,51592.0,99JSR51P,Jessica,Martinez,163,814,12.0,7,5,Home Insurance,2022-04-17,2018-12-01,14,,,Expired
608,60597.0,SXG7Q8TR,Emily,Garcia,638,726,12.0,9,2,Pet Insurance,2021-12-01,2018-12-01,10,,,Quoted
609,46658.0,ITI5R23H,Emily,Garcia,993,528,12.0,10,4,Home Insurance,2021-12-07,2018-12-01,16,,,Referred
610,95279.0,FQ3HFAL3,Emily,Martinez,915,560,12.0,11,4,Motor Insurance,2024-04-25,2018-12-01,41,,,Quoted
611,27705.0,6OR335YF,Jane,Johnson,1031,749,12.0,10,2,Home Insurance,2022-07-14,2018-12-01,21,,,Declined
612,68304.0,GA0QFUYL,Michael,Davis,797,213,12.0,5,6,Home Insurance,2024-11-15,2018-12-01,13,,,Quoted
613,18267.0,KJMZUT9I,David,Martinez,746,919,12.0,13,6,Motor Insurance,2021-04-06,2018-12-01,6,,,Expired
614,107852.0,4QH9986B,Emily,Hernandez,331,772,12.0,5,6,Pet Insurance,2022-12-13,2018-12-01,20,,,Declined
615,102058.0,VZ7H457M,David,Brown,1058,716,,6,6,Home Insurance,2021-05-04,2018-12-01,15,,2024-06-30,Bound
616,60499.0,9IFR1AT6,Emily,Miller,634,1037,0.0,11,5,Life Insurance,2020-10-05,2018-12-01,27,,,Referred
617,65780.0,ETWB7I94,Christopher,Smith,888,910,12.0,8,5,Motor Insurance,2021-06-13,2018-12-01,7,,,Expired
618,76162.0,AY0BZTXQ,David,Johnson,892,871,0.0,12,3,Life Insurance,2020-02-15,2018-12-01,17,,,Declined
619,25828.0,4WVQW28E,Christopher,Davis,373,212,0.0,8,5,Life Insurance,2023-10-01,2018-12-01,26,,,Quoted
620,61438.0,C4ARE6P4,David,Miller,481,176,12.0,6,3,Home Insurance,2025-06-04,2018-12-01,14,,,Declined
621,87415.0,RYUNJFVQ,Amanda,Smith,257,844,12.0,6,3,Home Insurance,2025-09-16,2018-12-01,8,,,Declined
622,107758.0,8EBVYUIO,Matthew,Johnson,818,111,12.0,13,5,Home Insurance,2023-06-22,2018-12-01,18,,,Bound
623,52130.0,0CV6H9LJ,John,Martinez,1011,524,,6,3,Motor Insurance,2022-09-11,2018-12-01,28,,,Quoted
624,95972.0,VHO6ZJ8B,Michael,Smith,1068,567,12.0,14,4,Pet Insurance,2025-10-12,2018-12-01,19,,,Bound
625,36037.0,9O8REJ2T,Christopher,Hernandez,1025,949,12.0,13,4,Home Insurance,2022-12-10,2018-12-01,37,,,Bound
626,103266.0,DQ2BY895,John,Davis,458,954,12.0,10,3,Pet Insurance,2022-10-19,2018-12-01,20,,,Bound
627,65506.0,WL76MYL2,Michael,Jones,183,611,12.0,13,6,Home Insurance,2020-12-29,2018-12-01,40,,,Declined
628,75806.0,A7U540FQ,David,Hernandez,618,322,12.0,9,6,Home Insurance,2020-07-05,2018-12-01,22,,,Referred
629,35179.0,JMMLZ20B,Emily,Smith,196,526,,12,3,Life Insurance,2024-11-05,2018-12-01,29,,2024-06-20,Bound
630,79523.0,IO1P1B8K,Matthew,Smith,1036,241,12.0,5,4,Pet Insurance,2025-04-11,2018-12-01,36,,,Bound
631,108366.0,3AVB1L8W,Sarah,Hernandez,1040,299,,14,4,Life Insurance,2022-12-26,2018-12-01,25,,,Expired
632,36497.0,ABPSBPBK,John,Johnson,180,736,12.0,12,5,Home Insurance,2021-11-03,2018-12-01,40,,2024-07-06,Expired
633,78697.0,3B969RUZ,Amanda,Johnson,598,786,,11,3,Pet Insurance,2023-07-22,2018-12-01,32,,,Bound
634,94796.0,UH3VYGY8,David,Davis,731,795,12.0,14,6,Pet Insurance,2023-04-15,2018-12-01,37,,,Expired
635,49802.0,5OOKI437,Matthew,Johnson,933,184,12.0,12,6,Home Insurance,2021-06-11,2018-12-01,26,,,Expired
636,91105.0,29L0XSWU,David,Hernandez,173,1099,,7,3,Life Insurance,2025-12-13,2018-12-01,17,,,Declined
637,36150.0,6OS2FF8T,John,Miller,861,378,12.0,9,4,Motor Insurance,2020-01-18,2018-12-01,35,,,Referred
638,44324.0,GOLU8ZWU,John,Hernandez,214,972,,10,2,Life Insurance,2025-07-29,2018-12-01,32,,,Referred
639,26767.0,JT3B308F,Emily,Garcia,278,348,,10,3,Motor Insurance,2024-03-23,2018-12-01,33,,,Quoted
640,20141.0,RGTLV1G8,Amanda,Martinez,833,542,0.0,5,2,Life Insurance,2020-06-25,2018-12-01,24,,2024-03-11,Quoted
641,15440.0,LNGUWLH2,David,Rodriguez,322,783,12.0,12,2,Motor Insurance,2023-01-31,2018-12-01,19,,,Declined
642,66173.0,29AY3XS4,Christopher,Johnson,317,645,12.0,6,3,Home Insurance,2024-03-20,2018-12-01,13,,,Bound
643,84047.0,RMJ302EY,Sarah,Martinez,1050,590,12.0,14,5,Motor Insurance,2023-08-21,2018-12-01,27,,,Declined
644,28263.0,5TZIMKMM,Emily,Brown,328,886,12.0,14,2,Pet Insurance,2025-03-05,2018-12-01,6,,,Declined
645,81635.0,YEU2A6EN,David,Garcia,481,485,12.0,10,2,Pet Insurance,2023-01-21,2018-12-01,24,,,Bound
646,96309.0,ARNLGC54,Amanda,Hernandez,607,606,,10,3,Life Insurance,2025-11-30,2018-12-01,17,,,Expired
647,108454.0,KEZLVFR9,Sarah,Brown,840,860,,5,6,Home Insurance,2024-03-01,2018-12-01,34,,,Referred
648,97412.0,A9Q6UOUC,John,Jones,522,286,0.0,8,4,Life Insurance,2022-09-25,2018-12-01,26,,,Bound
649,53047.0,06P6SKZY,Jessica,Brown,245,418,12.0,9,5,Pet Insurance,2021-10-29,2018-12-01,20,,,Bound
